workerID,fileName,score,profession,gender,yearsOfProgramming,country,programmingLanguage,IDKLevel,TP,TN,FP,FN,CorrectAnswers,TotalAnswers
11IC-3a0E1-10:322iA-8I0A31-6:671Ca6c4e-5-9-9,J3.6,4.00,Professional_Developer,Male,20.00,US,JAVA,0.00,0.00,1.00,0.00,0.00,1.00,1.00
680ce-8i-5C06-6:70Ec7A4e-7-84,J6.51,4.00,Graduate_Student,Male,6.00,INDIA,JAVA,1.00,0.00,0.00,1.00,1.00,0.00,2.00
1473AA6C1c-25-6,J1.8,4.00,Professional_Developer,Female,9.00,INDIA,PHP,0.00,0.00,2.00,0.00,0.00,2.00,2.00
139ga6a-3G761,J1.8,5.00,Professional_Developer,Male,4.00,INDIA,JAVA,0.00,0.00,3.00,0.00,0.00,3.00,3.00
28Gc-2i-9C-18-2:442cA-6G6i-749,J8.54,4.00,Professional_Developer,Female,14.00,US,c++,0.00,0.00,2.00,1.00,0.00,2.00,3.00
807iG4c-8c-64-7,J4.7,5.00,Professional_Developer,Female,35.00,US,JAVA,1.00,0.00,2.00,0.00,0.00,2.00,2.00
86GI-2G8C0-73,J7.33,4.00,Hobbyist,Male,15.00,US,c++,0.00,0.00,2.00,0.00,0.00,2.00,2.00
33ac-3i3I5-8-3:72ag4C-7e4-1-9,J1.8,5.00,Hobbyist,Male,13.00,US,"Python, Elixir",0.00,0.00,3.00,0.00,0.00,3.00,3.00
396ie3E5A9-5-3,J3.6,3.00,Professional_Developer,Male,20.00,US,"PHP, Perl",0.00,1.00,1.00,1.00,0.00,2.00,3.00
79Ee8i-7i-5-2-9,J4.7,3.00,Hobbyist,Male,1.00,US,JAVA,1.00,0.00,0.00,0.00,0.00,0.00,0.00
780gG-8i-5e5-91,J3.6,5.00,Undergraduate_Student,Male,5.00,US,R,0.00,0.00,1.00,0.00,0.00,1.00,1.00
1049cG0C6I034,J4.7,4.00,Graduate_Student,Male,5.00,US,JAVA,0.00,0.00,2.00,1.00,0.00,2.00,3.00
4ec3E-4a-28-2,J2.24,3.00,Professional_Developer,Female,5.00,US,JAVA,0.00,0.00,2.00,1.00,0.00,2.00,3.00
85EG-9G-9A73-8:1686gc9a4I6-23,J2.24,3.00,Other,Female,0.00,US,None,1.00,0.00,0.00,2.00,0.00,0.00,2.00
1343cA-3i-4c068,J2.24,3.00,Professional_Developer,Male,3.00,INDIA,perl,0.00,0.00,0.00,2.00,0.00,0.00,2.00
922iC0E-2E713:117cA2E0I8-80,J4.7,5.00,Hobbyist,Male,1.00,INDIA,php,0.00,0.00,0.00,3.00,0.00,0.00,3.00
844Cg1g5e1-17:255ei-8G8E85-8,J3.6,3.00,Undergraduate_Student,Male,5.00,US,JAVA,1.00,1.00,1.00,0.00,0.00,2.00,2.00
111cC-2A4C-582,J6.51,4.00,Other,Female,5.00,US,c sharp,0.00,0.00,1.00,0.00,0.00,1.00,1.00
658ge-9g0G8-33,J8.54,4.00,Professional_Developer,Male,5.00,US,JAVA,0.00,0.00,2.00,1.00,0.00,2.00,3.00
1197gc5c3c27-5,J6.51,4.00,Other,Male,1.00,US,JAVA,0.00,0.00,2.00,0.00,1.00,2.00,3.00
133Ac-8e0G-703:189Ii1E-1G-123,J5.35,5.00,Hobbyist,Male,33.00,US,C++,0.00,1.00,0.00,2.00,0.00,1.00,3.00
108Eg9e-4i-5-42,J4.7,5.00,Professional_Developer,Male,3.00,INDIA,C#,1.00,0.00,1.00,0.00,0.00,1.00,1.00
610AC-4i9c4-2-7,J8.54,5.00,Undergraduate_Student,Male,2.00,US,Ada,0.00,0.00,3.00,0.00,0.00,3.00,3.00
1341Ci-4e-9a-707,J4.7,5.00,Graduate_Student,Male,2.00,US,JAVA,2.00,0.00,0.00,0.00,0.00,0.00,0.00
249iI-4G-6A9-26,J8.54,3.00,Hobbyist,Male,1.00,INDIA,ASP.NET,0.00,2.00,0.00,1.00,0.00,2.00,3.00
733aA0i-2G-80-7,J4.7,4.00,Graduate_Student,Male,8.00,US,Python,2.00,0.00,1.00,0.00,0.00,1.00,1.00
659ei-2E2a2-1-2,J1.8,5.00,Hobbyist,Female,1.00,US,none,0.00,0.00,2.00,0.00,0.00,2.00,2.00
647GI-5i-2i140,J8.54,3.00,Undergraduate_Student,Female,0.00,US,n/a,0.00,0.00,3.00,0.00,0.00,3.00,3.00
244AC3a5C68-6,J8.54,3.00,Undergraduate_Student,Male,17.00,US,JAVA,0.00,0.00,2.00,1.00,0.00,2.00,3.00
815IG-6E-2c4-2-5,J4.7,5.00,Undergraduate_Student,Male,4.00,US,JAVA,2.00,0.00,1.00,0.00,0.00,1.00,1.00
446ic-1c-4E-1-37,J7.33,4.00,Professional_Developer,Male,12.00,US,ruby,0.00,0.00,1.00,1.00,0.00,1.00,2.00
562ag5I-9E-7-5-6,J8.54,5.00,Other,Male,30.00,US,JAVA,0.00,0.00,3.00,0.00,0.00,3.00,3.00
42iE-7g1i478,J6.51,5.00,Professional_Developer,Female,10.00,US,JAVA,0.00,0.00,3.00,0.00,0.00,3.00,3.00
21Ig2A-5e0-88:292CE-5a2c86-4:60ei9e-5I04-3,J1.8,4.00,Professional_Developer,Male,12.00,US,"C#, Python",0.00,0.00,3.00,0.00,0.00,3.00,3.00
103Ee-8a6i-3-7-8:873AG0a3i770,J4.7,4.00,Professional_Developer,Male,10.00,US,JAVA,0.00,0.00,2.00,1.00,0.00,2.00,3.00
998eE-6g-2A350:631gg-5g6c-980,J3.6,4.00,Hobbyist,Male,3.00,US,C#,0.00,0.00,1.00,2.00,0.00,1.00,3.00
1591gc8E-5I9-17,J4.7,3.00,Professional_Developer,Male,10.00,US,SQL (Teradata/MS-SQL),0.00,0.00,3.00,0.00,0.00,3.00,3.00
755ec4i1a-48-7,J4.7,4.00,Professional_Developer,Male,3.00,INDIA,JAVA,0.00,1.00,2.00,0.00,0.00,3.00,3.00
81Eg-4I3c241,J4.7,4.00,Undergraduate_Student,Male,1.00,US,C++,3.00,0.00,0.00,0.00,0.00,0.00,0.00
307Cg-5C7a4-4-3:881AI5C9I3-85,J4.7,4.00,Professional_Developer,Male,4.00,US,JAVA,0.00,1.00,2.00,0.00,0.00,3.00,3.00
276ee1A-3E7-54,J7.33,5.00,Hobbyist,Male,3.00,INDIA,PHP,1.00,0.00,0.00,1.00,1.00,0.00,2.00
634IG7i-7a941,J8.54,4.00,Undergraduate_Student,Male,4.00,US,C,0.00,0.00,1.00,0.00,0.00,1.00,1.00
1120Ea6I-1G6-6-6,J4.7,5.00,Other,Male,30.00,US,JAVA,0.00,0.00,3.00,0.00,0.00,3.00,3.00
286Ig-9C0E170,J1.8,5.00,Undergraduate_Student,Male,5.00,US,c#,0.00,1.00,2.00,0.00,0.00,3.00,3.00
273EI-8I-8g2-1-7,J8.54,4.00,Undergraduate_Student,Male,1.00,US,JAVA,1.00,0.00,1.00,0.00,1.00,1.00,2.00
973gC1A-4g040,J6.51,5.00,Undergraduate_Student,Male,2.00,US,JAVA,0.00,0.00,1.00,1.00,1.00,1.00,3.00
468Ga1a7a1-81,J8.54,3.00,Hobbyist,Male,2.00,US,C++,1.00,0.00,0.00,2.00,0.00,0.00,2.00
101CE0E8G-6-88,J2.24,3.00,Undergraduate_Student,Male,3.00,US,JAVA,0.00,2.00,0.00,1.00,0.00,2.00,3.00
1080iE3G5I-102,J8.54,5.00,Hobbyist,Female,1.00,INDIA,python,0.00,0.00,1.00,1.00,1.00,1.00,3.00
3AI7C4g38-9,J2.24,3.00,Hobbyist,Male,12.00,US,HTML,0.00,0.00,0.00,3.00,0.00,0.00,3.00
433Ae7e8c5-90,J4.7,5.00,Professional_Developer,Female,6.00,INDIA,"PHP,MySQL",1.00,0.00,0.00,1.00,0.00,0.00,1.00
220aC0I-6a0-6-3,J8.54,5.00,Professional_Developer,Female,8.00,US,C,0.00,0.00,3.00,0.00,0.00,3.00,3.00
638ic-5a-8a06-2,J3.6,3.00,Hobbyist,Male,3.00,US,VBA,1.00,0.00,1.00,1.00,0.00,1.00,2.00
87eI7G7i8-2-1,J4.7,3.00,Undergraduate_Student,Female,2.00,US,JAVA,1.00,0.00,0.00,0.00,0.00,0.00,0.00
939aC8g5A220,J4.7,4.00,Professional_Developer,Female,15.00,INDIA,php,0.00,0.00,1.00,2.00,0.00,1.00,3.00
208Ic-2C0G2-11,J1.8,5.00,Other,Male,20.00,US,c++,0.00,0.00,2.00,1.00,0.00,2.00,3.00
166IC5e-3e-7-6-5,J8.54,5.00,Undergraduate_Student,Female,1.00,US,JAVA,0.00,0.00,1.00,1.00,1.00,1.00,3.00
642ci9c-9e-580:266ee6e-1I61-3,J3.6,4.00,Other,Male,6.00,US,PHP,3.00,0.00,0.00,0.00,0.00,0.00,0.00
540Ec0I1E97-8,J4.7,5.00,Undergraduate_Student,Female,3.00,US,JAVA,0.00,0.00,2.00,0.00,1.00,2.00,3.00
935Ei-8e-1E-7-9-7,J4.7,5.00,Professional_Developer,Male,25.00,US,JAVA,0.00,0.00,3.00,0.00,0.00,3.00,3.00
48AI-2e-3i700:595II-6A9A7-4-4,J8.54,5.00,Undergraduate_Student,Male,2.00,US,JAVA,0.00,1.00,1.00,0.00,1.00,2.00,3.00
490Ae3C-5I-6-75,J8.54,3.00,Professional_Developer,Female,10.00,US,JAVA,0.00,0.00,3.00,0.00,0.00,3.00,3.00
762AG-5i5a030,J4.7,5.00,Undergraduate_Student,Male,6.00,Brazil,C,0.00,0.00,3.00,0.00,0.00,3.00,3.00
15GG-1G-6I44-8:1540CE2g-7G26-4,J1.8,5.00,Professional_Developer,Male,10.00,US,php,0.00,1.00,1.00,0.00,0.00,2.00,2.00
537Cg0e-7E-5-68,J4.7,5.00,Other,Female,30.00,US,C,1.00,0.00,2.00,0.00,0.00,2.00,2.00
98cg8a0A69-1:439ee9e-2i-106,J8.54,4.00,Undergraduate_Student,Male,4.00,US,C++,0.00,0.00,3.00,0.00,0.00,3.00,3.00
1520Ea3c0E3-65:9AI0g4a-386,J1.8,5.00,Graduate_Student,Male,3.00,INDIA,JAVA,0.00,1.00,0.00,1.00,0.00,1.00,2.00
1572IG5e2A7-8-1,J4.7,4.00,Undergraduate_Student,Male,4.00,US,"C++,Python",0.00,0.00,2.00,1.00,0.00,2.00,3.00
51EA-5e8I01-5,J4.7,4.00,Hobbyist,Female,3.00,US,JAVA,0.00,0.00,3.00,0.00,0.00,3.00,3.00
794gi1e-9c3-70,J4.7,4.00,Professional_Developer,Male,5.00,INDIA,"C,C++,C#",0.00,1.00,1.00,1.00,0.00,2.00,3.00
891Ia8E-1I7-93,J4.7,3.00,Graduate_Student,Male,2.00,INDIA,c++,0.00,0.00,3.00,0.00,0.00,3.00,3.00
73EA0a-7i-7-8-9,J4.7,5.00,Graduate_Student,Male,4.00,US,C++,0.00,1.00,2.00,0.00,0.00,3.00,3.00
1557AI-3a0g03-3,J1.8,5.00,Other,Female,10.00,US,JAVA,0.00,0.00,2.00,0.00,0.00,2.00,2.00
1456eI-3g8a-22-2:488gG-7E2G-8-68,J4.7,4.00,Other,Male,2.50,US,Do not currently use,1.00,0.00,1.00,0.00,1.00,1.00,2.00
87gg-4A6E-40-7,J1.8,5.00,Hobbyist,Female,1.00,US,C#,1.00,0.00,1.00,0.00,0.00,1.00,1.00
63GI-8C5a906:400EE-2a-6c-4-89,J8.54,4.00,Other,Male,50.00,US,"vbs, c/c++, autoit",0.00,0.00,2.00,0.00,1.00,2.00,3.00
619cG-3e8i71-7,J8.54,5.00,Professional_Developer,Female,6.00,US,JAVA,0.00,1.00,1.00,1.00,0.00,2.00,3.00
1194GI0G8E7-20,J2.24,5.00,Professional_Developer,Male,20.00,US,C++,0.00,0.00,3.00,0.00,0.00,3.00,3.00
507CG0A-2i1-4-3,J4.7,5.00,Professional_Developer,Male,7.00,INDIA,JAVA,0.00,0.00,3.00,0.00,0.00,3.00,3.00
1559gE-3I4e-4-52,J1.8,4.00,Professional_Developer,Female,7.00,US,JAVA,0.00,0.00,2.00,0.00,0.00,2.00,2.00
467CA-3A-4i-62-9:7Ci-3c0I02-7:13ee0c8e-90-9,J7.33,5.00,Hobbyist,Male,5.00,US,Python,0.00,1.00,1.00,0.00,1.00,2.00,3.00
114eE1e0a9-5-8:820Ie-3c1C-85-5,J2.24,5.00,Professional_Developer,Male,10.00,US,C#,0.00,1.00,0.00,1.00,1.00,1.00,3.00
1098Ai-4G6a330,J4.7,4.00,Undergraduate_Student,Male,3.00,US,python,1.00,0.00,2.00,0.00,0.00,2.00,2.00
562iC0e2c-7-5-1,J3.6,4.00,Undergraduate_Student,Male,3.00,US,JAVA,0.00,0.00,1.00,1.00,1.00,1.00,3.00
20iA3a-7c0-89:98iC3e-9a0-9-6:82Ig0g4c090,J3.6,5.00,Professional_Developer,Male,2.00,INDIA,C++,0.00,0.00,1.00,0.00,2.00,1.00,3.00
1221iC8A5A242:495CC9e6a691:11aE2c-4c-9-86,J1.8,4.00,Undergraduate_Student,Male,4.00,US,C++,0.00,1.00,2.00,0.00,0.00,3.00,3.00
1244ie-4G-4g486,J6.51,4.00,Professional_Developer,Male,3.00,US,JAVA,0.00,0.00,2.00,0.00,1.00,2.00,3.00
471gc-7A-8e4-73,J8.54,3.00,Professional_Developer,Male,18.00,US,6,0.00,0.00,2.00,1.00,0.00,2.00,3.00
259AI0i0a84-8,J8.54,3.00,Hobbyist,Female,0.00,US,none,0.00,0.00,1.00,2.00,0.00,1.00,3.00
293iG4A-3I005,J3.6,4.00,Other,Female,30.00,US,C,0.00,1.00,1.00,1.00,0.00,2.00,3.00
398Ca1e4I7-8-4,J3.6,5.00,Professional_Developer,Male,5.00,INDIA,JAVA,2.00,0.00,1.00,0.00,0.00,1.00,1.00
1231Ce3g6C290,J6.51,5.00,Professional_Developer,Male,10.00,US,PHP,1.00,0.00,1.00,0.00,1.00,1.00,2.00
55eg3A1g1-8-9,J4.7,5.00,Professional_Developer,Male,3.00,US,JAVA,0.00,0.00,2.00,0.00,1.00,2.00,3.00
732aC-4C4C-7-2-1,J4.7,3.00,Undergraduate_Student,Female,4.00,US,"C++, Assembly, VHDL",0.00,0.00,2.00,1.00,0.00,2.00,3.00
1638EA0g0c-27-2,J4.7,4.00,Undergraduate_Student,Female,2.00,US,JAVA,0.00,0.00,2.00,1.00,0.00,2.00,3.00
45ea8E6e0-10:95cg-5I0I151,J8.54,4.00,Professional_Developer,Male,22.00,US,JAVA,0.00,0.00,1.00,2.00,0.00,1.00,3.00
1499aa-2I7G-47-7,J4.7,4.00,Hobbyist,Male,2.00,US,C++,0.00,0.00,2.00,1.00,0.00,2.00,3.00
71gE-6g-5A-3-20,J8.54,5.00,Professional_Developer,Male,12.00,US,JAVA,0.00,2.00,1.00,0.00,0.00,3.00,3.00
740Ce1I9I-71-7,J8.54,5.00,Professional_Developer,Male,20.00,INDIA,PHP,0.00,0.00,2.00,0.00,1.00,2.00,3.00
1249cG4e7C7-70,J6.51,4.00,Professional_Developer,Male,15.00,US,python,0.00,0.00,2.00,1.00,0.00,2.00,3.00
581Aa2A0a9-60,J4.7,3.00,Undergraduate_Student,Male,2.00,US,JAVA,0.00,1.00,2.00,0.00,0.00,3.00,3.00
41eI0e3i-806:568Ae7g8c-7-1-2,J3.6,5.00,Hobbyist,Male,4.00,US,JAVA,0.00,0.00,0.00,2.00,1.00,0.00,3.00
604Ic-1I5i105,J8.54,5.00,Hobbyist,Male,10.00,US,Python,0.00,2.00,1.00,0.00,0.00,3.00,3.00
428iG0c6A-7-8-1,J5.35,5.00,Hobbyist,Male,8.00,US,JAVA,0.00,1.00,2.00,0.00,0.00,3.00,3.00
815aA-9g-4e44-8:182Ae3g-6i-30-5,J3.6,5.00,Professional_Developer,Male,5.00,US,JAVA,0.00,0.00,1.00,2.00,0.00,1.00,3.00
91gI-3I1g008,J3.6,5.00,Professional_Developer,Female,5.00,New Zealand,Python,2.00,0.00,0.00,1.00,0.00,0.00,1.00
1086ic4i3a96-2,J4.7,5.00,Graduate_Student,Female,5.00,INDIA,c,0.00,0.00,3.00,0.00,0.00,3.00,3.00
481cg-5C9A77-5,J8.54,3.00,Professional_Developer,Female,9.00,INDIA,PHP,0.00,0.00,2.00,1.00,0.00,2.00,3.00
1198eA8G-7e7-7-3:120Gc-7G5G4-5-4,J4.7,4.00,Professional_Developer,Female,10.00,US,jav,1.00,0.00,0.00,0.00,0.00,0.00,0.00
47Gi2a9C33-3,J6.51,4.00,Professional_Developer,Male,25.00,US,JAVA,1.00,0.00,1.00,1.00,0.00,1.00,2.00
820ga-8C6c5-33,J4.7,4.00,Undergraduate_Student,Male,4.00,US,JAVA,0.00,0.00,0.00,2.00,1.00,0.00,3.00
731Ee-5a-3I-241,J4.7,5.00,Graduate_Student,Male,5.00,INDIA,PHP,1.00,0.00,0.00,0.00,0.00,0.00,0.00
1475GI2G-2E055,J1.8,3.00,Undergraduate_Student,Male,3.00,US,JAVA,0.00,0.00,1.00,1.00,0.00,1.00,2.00
278Ie8e9e091,J3.6,3.00,Professional_Developer,Male,4.00,INDIA,JAVA,0.00,0.00,3.00,0.00,0.00,3.00,3.00
78cA-9e4a2-6-7,J1.8,5.00,Hobbyist,Female,1.00,US,none,0.00,1.00,2.00,0.00,0.00,3.00,3.00
92iC-9I-5C-1-9-7,J4.7,5.00,Undergraduate_Student,Male,3.00,US,JAVA,1.00,0.00,0.00,2.00,0.00,0.00,2.00
376Ii4i9e2-83,J8.54,5.00,Undergraduate_Student,Female,5.00,US,C,1.00,0.00,2.00,0.00,0.00,2.00,2.00
963eA7C5A9-8-1,J4.7,5.00,Undergraduate_Student,Male,8.00,US,JAVA,0.00,0.00,2.00,0.00,1.00,2.00,3.00
1427iI-5G6C-1-36,J4.7,5.00,Graduate_Student,Male,2.00,US,JAVA,0.00,1.00,1.00,0.00,0.00,2.00,2.00
1209ci-9E-1I0-11,J6.51,3.00,Undergraduate_Student,Male,3.00,US,JAVA,0.00,0.00,1.00,2.00,0.00,1.00,3.00
107Ce2c-1i556:801ei3E-4g6-34,J4.7,3.00,Professional_Developer,Male,4.00,INDIA,JAVA,0.00,0.00,2.00,1.00,0.00,2.00,3.00
654eA-3g-6E451,J4.7,3.00,Professional_Developer,Male,3.00,INDIA,developing,0.00,0.00,1.00,2.00,0.00,1.00,3.00
1635CE6g8g-39-8,J4.7,4.00,Undergraduate_Student,Male,6.00,US,Python,3.00,0.00,0.00,0.00,0.00,0.00,0.00
1031II1a-6a306,J3.6,4.00,Undergraduate_Student,Female,1.00,US,JAVA,1.00,0.00,0.00,0.00,0.00,0.00,0.00
729GG8e-8G-263:66AA0C-8E701,J6.51,5.00,Graduate_Student,Male,10.00,US,C++,0.00,1.00,2.00,0.00,0.00,3.00,3.00
1422ae-2e6E041,J2.24,5.00,Professional_Developer,Male,3.50,INDIA,JAVA,0.00,0.00,0.00,1.00,0.00,0.00,1.00
611eg3E-4C-3-1-2,J8.54,3.00,Professional_Developer,Male,14.00,PHILIPPINES,"PHP, VBA",0.00,0.00,1.00,2.00,0.00,1.00,3.00
1573Ic-9c3a-7-13,J4.7,5.00,Graduate_Student,Male,2.00,INDIA,"c, c++",0.00,0.00,2.00,1.00,0.00,2.00,3.00
1587ee-3A7e8-7-2,J4.7,4.00,Undergraduate_Student,Male,2.00,US,JAVA,0.00,0.00,0.00,1.00,1.00,0.00,2.00
398iA0G-4E1-78,J7.33,5.00,Hobbyist,Male,13.00,US,JAVA,0.00,2.00,1.00,0.00,0.00,3.00,3.00
559CG5c-6C171,J4.7,5.00,Hobbyist,Male,6.00,US,JAVA,0.00,0.00,2.00,1.00,0.00,2.00,3.00
582GG-6a-7c31-1:310Ei-2a5i-4-17,J3.6,5.00,Other,Male,10.00,INDIA,R,1.00,0.00,1.00,1.00,0.00,1.00,2.00
832cg-7G1i-462:73eI-8E-2g-985,J1.8,5.00,Undergraduate_Student,Male,7.00,US,JAVA,0.00,0.00,2.00,0.00,1.00,2.00,3.00
1432Ge-2A-6a-382,J4.7,4.00,Hobbyist,Male,10.00,US,Python,0.00,0.00,2.00,0.00,1.00,2.00,3.00
1005eg-1g2c-9-80,J4.7,5.00,Professional_Developer,Female,4.00,US,PHP,0.00,0.00,2.00,0.00,1.00,2.00,3.00
1605Aa1G7G-1-20,J3.6,5.00,Hobbyist,Female,9.00,US,PHP,1.00,0.00,1.00,0.00,0.00,1.00,1.00
7gG-1G-3C163,J7.33,4.00,Professional_Developer,Male,5.00,US,JAVA,0.00,0.00,3.00,0.00,0.00,3.00,3.00
1516AC-8a0i-123,J1.8,5.00,Hobbyist,Male,5.00,US,C#,0.00,0.00,2.00,0.00,0.00,2.00,2.00
830gA-8i-9I517,J4.7,5.00,Professional_Developer,Male,6.00,INDIA,JAVA,0.00,1.00,0.00,2.00,0.00,1.00,3.00
78iA-8i-7C7-99,J4.7,3.00,Hobbyist,Male,1.00,US,JAVA,1.00,0.00,1.00,1.00,0.00,1.00,2.00
676ec6g2C1-2-9,J8.54,5.00,Hobbyist,Male,2.00,US,Ruby,0.00,2.00,1.00,0.00,0.00,3.00,3.00
33Ea8A-6e1-73,J4.7,5.00,Hobbyist,Male,1.00,US,JAVA,1.00,0.00,2.00,0.00,0.00,2.00,2.00
20ca-1G-6C-3-7-3:10AE4G-4a370:46AI8G-4A8-2-2,J4.7,5.00,Professional_Developer,Male,2.00,INDIA,JAVA,0.00,1.00,2.00,0.00,0.00,3.00,3.00
1367Cg2a9C-61-4,J4.7,4.00,Professional_Developer,Male,3.00,INDIA,JAVA,0.00,0.00,0.00,2.00,1.00,0.00,3.00
30eI-1g0G8-78,J4.7,4.00,Graduate_Student,Male,3.00,INDIA,JAVA,1.00,1.00,0.00,1.00,0.00,1.00,2.00
15cg-2i-7c-29-1,J4.7,4.00,Professional_Developer,Male,5.00,INDIA,JAVA,1.00,0.00,1.00,1.00,0.00,1.00,2.00
56gc-4g1E-7-43,J8.54,5.00,Undergraduate_Student,Male,3.00,US,JAVA,0.00,0.00,3.00,0.00,0.00,3.00,3.00
1144aG9I5E-609,J4.7,3.00,Hobbyist,Female,2.00,US,JAVA,1.00,0.00,0.00,0.00,0.00,0.00,0.00
1574eC4g2e-1-31,J1.8,3.00,Undergraduate_Student,Female,1.00,US,JAVA,0.00,0.00,2.00,0.00,0.00,2.00,2.00
1359aA0A-5i-692,J4.7,3.00,Graduate_Student,Male,1.00,INDIA,c,0.00,1.00,1.00,0.00,0.00,2.00,2.00
1352EE-8i-9i75-2,J4.7,3.00,Graduate_Student,Male,2.00,madurai,JAVA,2.00,0.00,0.00,0.00,0.00,0.00,0.00
1553ce3G-9A-4-3-9,J4.7,4.00,Hobbyist,Male,2.00,US,JAVA,2.00,0.00,0.00,1.00,0.00,0.00,1.00
248aG-4a-2E723,J3.6,3.00,Professional_Developer,Male,4.00,INDIA,"C, C+",1.00,0.00,1.00,1.00,0.00,1.00,2.00
707eg-6e-2a05-2,J5.35,5.00,Professional_Developer,Male,3.00,INDIA,JAVA,0.00,1.00,0.00,2.00,0.00,1.00,3.00
66AC-5a0g-47-9:1443IA-7C-6e967,J4.7,5.00,Professional_Developer,Male,17.00,US,JAVA,0.00,1.00,0.00,1.00,0.00,1.00,2.00
96ge9G-1C-360,J4.7,3.00,Undergraduate_Student,Female,2.00,US,JAVA,0.00,0.00,0.00,3.00,0.00,0.00,3.00
1014aA5c4G-408:694aI4G-3E-8-3-6,J4.7,5.00,Professional_Developer,Male,3.00,INDIA,c#,0.00,0.00,3.00,0.00,0.00,3.00,3.00
887eE9a-3c66-1,J4.7,5.00,Undergraduate_Student,Male,3.00,US,C++,0.00,0.00,1.00,0.00,0.00,1.00,1.00
19cI3G-7E-6-6-2,J1.8,3.00,Other,Male,1.00,Sri Lanka,Python,0.00,0.00,1.00,1.00,0.00,1.00,2.00
722ce2G0i-857,J4.7,5.00,Undergraduate_Student,Male,2.00,US,JAVA,1.00,0.00,1.00,1.00,0.00,1.00,2.00
848Ia-5a5g-8-87,J1.8,5.00,Undergraduate_Student,Male,1.00,US,JAVA,0.00,0.00,1.00,0.00,0.00,1.00,1.00
1541iI-2a2i3-42,J3.6,4.00,Professional_Developer,Male,25.00,US,JAVA,3.00,0.00,0.00,0.00,0.00,0.00,0.00
1418aA4E-4c5-34,J4.7,4.00,Professional_Developer,Male,10.00,US,Python,0.00,0.00,2.00,1.00,0.00,2.00,3.00
1117AG3e4C-92-7,J4.7,5.00,Other,Female,2.00,US,PHP,0.00,1.00,0.00,1.00,0.00,1.00,2.00
747Ee7E0G0-10,J8.54,5.00,Graduate_Student,Female,5.00,INDIA,JAVA,1.00,0.00,2.00,0.00,0.00,2.00,2.00
546IE-7A1G4-6-9,J4.7,3.00,Undergraduate_Student,Male,4.00,US,JAVA,1.00,0.00,0.00,0.00,0.00,0.00,0.00
21cI-1i9c-41-7,J2.24,5.00,Professional_Developer,Female,8.00,INDIA,JAVA,0.00,0.00,2.00,1.00,0.00,2.00,3.00
1199gG-2a-9I-60-7,J6.51,3.00,Other,Male,3.00,US,VBA,1.00,0.00,0.00,0.00,0.00,0.00,0.00
46Gi0c0C9-16,J4.7,5.00,Graduate_Student,Male,7.00,US,BASH and Powershell,2.00,0.00,1.00,0.00,0.00,1.00,1.00
1023eg-8i1C506,J4.7,4.00,Professional_Developer,Female,2.00,US,JAVA,0.00,0.00,3.00,0.00,0.00,3.00,3.00
1157ca-1E-5e-564,J4.7,4.00,Undergraduate_Student,Male,2.00,US,C,0.00,1.00,2.00,0.00,0.00,3.00,3.00
478CA-3g0a-1-4-2,J8.54,3.00,Graduate_Student,Male,2.00,US,JAVA,0.00,0.00,3.00,0.00,0.00,3.00,3.00
347ci9I0e-1-60,J4.7,5.00,Hobbyist,Male,30.00,US,JAVA,0.00,0.00,1.00,0.00,0.00,1.00,1.00
970AG-5G9G0-86,J6.51,4.00,Hobbyist,Male,1.00,US,BASIC,0.00,0.00,1.00,1.00,1.00,1.00,3.00
1212cg-2a2A0-74,J4.7,4.00,Hobbyist,Male,7.00,US,3,1.00,0.00,2.00,0.00,0.00,2.00,2.00
52Ce2i0i-614,J4.7,5.00,Hobbyist,Male,15.00,US,"C++, Visual Basic",0.00,0.00,2.00,0.00,1.00,2.00,3.00
58eg1i0G-9-2-9,J4.7,5.00,Hobbyist,Male,5.00,US,c#,1.00,0.00,1.00,0.00,0.00,1.00,1.00
913Ec-1a-5G896,J2.24,3.00,Hobbyist,Male,5.00,US,C++,0.00,0.00,0.00,1.00,0.00,0.00,1.00
1245CI-3g-1a1-72,J4.7,5.00,Undergraduate_Student,Male,1.00,US,C++,2.00,0.00,1.00,0.00,0.00,1.00,1.00
1013GI0e-3C-869,J4.7,3.00,Professional_Developer,Female,5.00,INDIA,JAVA,0.00,0.00,3.00,0.00,0.00,3.00,3.00
1297gA-5c-6e-204,J4.7,5.00,Professional_Developer,Female,6.00,INDIA,"PHP,MySQL",0.00,0.00,2.00,1.00,0.00,2.00,3.00
172Cg2C7i-8-1-4,J8.54,3.00,Graduate_Student,Female,6.00,US,JAVA,0.00,0.00,3.00,0.00,0.00,3.00,3.00
48gE-1G-6C9-22:113Ac-6g-2G-310,J4.7,3.00,Hobbyist,Male,3.00,US,php,0.00,0.00,2.00,1.00,0.00,2.00,3.00
1340Gi0e-4G-265,J4.7,5.00,Professional_Developer,Male,4.00,INDIA,JAVA,0.00,0.00,1.00,0.00,1.00,1.00,2.00
629Ee-9e7e9-32,J5.35,4.00,Professional_Developer,Male,8.00,INDIA,JAVA,0.00,1.00,2.00,0.00,0.00,3.00,3.00
262IG-2i-1e-860,J3.6,5.00,Undergraduate_Student,Female,1.00,US,JAVA,1.00,1.00,0.00,1.00,0.00,1.00,2.00
50gG-8i8g-16-5,J4.7,5.00,Hobbyist,Male,4.00,US,JAVA,0.00,0.00,2.00,1.00,0.00,2.00,3.00
83gE-9E9a-176:1609ca8I0E-894,J1.8,4.00,Undergraduate_Student,Male,9.00,US,c++,0.00,1.00,1.00,0.00,0.00,2.00,2.00
1568aA-4c6i-106:505iC4e-2c-439,J4.7,3.00,Professional_Developer,Male,15.00,US,"Perl, SQL",0.00,0.00,1.00,1.00,1.00,1.00,3.00
714gE-6e0E-3-3-3,J8.54,3.00,Undergraduate_Student,Female,1.00,INDIA,C,0.00,0.00,1.00,0.00,2.00,1.00,3.00
589GA-9C3c710,J7.33,3.00,Hobbyist,Male,3.00,US,JAVA,1.00,0.00,0.00,1.00,0.00,0.00,1.00
12gG3I-4G95-8,J3.6,4.00,Hobbyist,Male,5.00,US,python,2.00,0.00,1.00,0.00,0.00,1.00,1.00
1518CC2g5I-319,J1.8,4.00,Graduate_Student,Male,3.00,US,JAVA,0.00,0.00,2.00,0.00,0.00,2.00,2.00
447Ic-4a0e0-7-3,J3.6,4.00,Undergraduate_Student,Male,2.00,US,C++,0.00,0.00,1.00,1.00,1.00,1.00,3.00
5ai0i-8E-72-1,J5.35,3.00,Professional_Developer,Female,5.00,INDIA,JAVA,0.00,1.00,0.00,2.00,0.00,1.00,3.00
725gi2i-5a38-8,J4.7,4.00,Graduate_Student,Male,4.00,US,JAVA,1.00,0.00,0.00,0.00,0.00,0.00,0.00
966EA3a-3A1-1-5,J8.54,5.00,Professional_Developer,Male,8.00,INDIA,C#,0.00,0.00,3.00,0.00,0.00,3.00,3.00
1229cG-8G1G-915,J4.7,4.00,Hobbyist,Male,15.00,US,C++,0.00,0.00,2.00,1.00,0.00,2.00,3.00
356aC-2E-3i-1-9-2,J8.54,4.00,Hobbyist,Female,1.00,US,BASH,0.00,0.00,3.00,0.00,0.00,3.00,3.00
474ic-2g1i-23-3,J8.54,5.00,Undergraduate_Student,Male,20.00,US,PHP,0.00,0.00,3.00,0.00,0.00,3.00,3.00
666cg2a-4C2-83,J4.7,3.00,Hobbyist,Female,12.00,US,C++,0.00,1.00,2.00,0.00,0.00,3.00,3.00
1535eC4G4g-8-85:827Ca-4g2e-90-5,J4.7,5.00,Professional_Developer,Male,1.00,INDIA,JAVA,0.00,0.00,1.00,2.00,0.00,1.00,3.00
892CA6a-8c802:759GA-8a-5a-285,J1.8,4.00,Professional_Developer,Female,6.00,INDIA,"PHP,MySQL",0.00,0.00,0.00,3.00,0.00,0.00,3.00
772ia-5e-2C4-55,J4.7,4.00,Hobbyist,Male,8.00,US,JAVA,0.00,0.00,3.00,0.00,0.00,3.00,3.00
594eG-2e-7C12-9,J8.54,3.00,Hobbyist,Male,10.00,INDIA,"VB.net, MQL4",0.00,0.00,1.00,2.00,0.00,1.00,3.00
777Ci4A2a213,J4.7,3.00,Undergraduate_Student,Male,2.00,US,Python,0.00,0.00,1.00,2.00,0.00,1.00,3.00
693ag0C9I-13-6,J1.8,4.00,Graduate_Student,Male,2.00,US,JAVA,0.00,0.00,1.00,0.00,0.00,1.00,1.00
1183aG3E2c-60-7,J6.51,4.00,Undergraduate_Student,Male,2.00,US,JAVA,0.00,0.00,3.00,0.00,0.00,3.00,3.00
664Ge2a-4e-66-2,J3.6,3.00,Hobbyist,Female,0.00,US,NONE,0.00,0.00,1.00,1.00,1.00,1.00,3.00
657eE-7g8g0-33,J4.7,5.00,Undergraduate_Student,Female,1.00,Canada,C#,3.00,0.00,0.00,0.00,0.00,0.00,0.00
532iI4C2G-8-35,J8.54,5.00,Graduate_Student,Female,1.00,INDIA,JAVA,0.00,0.00,2.00,1.00,0.00,2.00,3.00
630AE4g-9A-5-50,J8.54,3.00,Professional_Developer,Male,12.00,US,JAVA,0.00,0.00,3.00,0.00,0.00,3.00,3.00
61ae4E2e164,J8.54,5.00,Professional_Developer,Male,35.00,US,"python, c++",0.00,0.00,2.00,1.00,0.00,2.00,3.00
54ee2E5G30-4,J4.7,4.00,Hobbyist,Male,1.00,US,JAVA,2.00,0.00,1.00,0.00,0.00,1.00,1.00
82Ai8C-3i739,J8.54,3.00,Hobbyist,Female,2.00,US,JAVA,0.00,0.00,2.00,1.00,0.00,2.00,3.00
1147iA9a5c196,J6.51,3.00,Hobbyist,Female,1.00,US,C#,3.00,0.00,0.00,0.00,0.00,0.00,0.00
1517gG7e-9a5-12:13EE-9c-7e880,J1.8,5.00,Graduate_Student,Female,4.00,INDIA,JAVA,0.00,0.00,1.00,0.00,1.00,1.00,2.00
452Ig6c-9G-502:768Ga1I8G-27-2:69eC6i-8G00-4,J1.8,4.00,Hobbyist,Male,35.00,US,Euphoria,0.00,1.00,2.00,0.00,0.00,3.00,3.00
999ga-2G-2G995:687Ci0C-3e-4-55,J4.7,5.00,Professional_Developer,Male,10.00,Croatia,Python,0.00,0.00,1.00,2.00,0.00,1.00,3.00
1270GI8C5i-6-19,J6.51,5.00,Undergraduate_Student,Male,9.00,US,c++,0.00,0.00,2.00,1.00,0.00,2.00,3.00
40Ge-1c-3I-31-7,J1.8,4.00,Professional_Developer,Male,3.00,INDIA,HTML,1.00,0.00,0.00,0.00,1.00,0.00,1.00
529EI4e7C696,J8.54,3.00,Professional_Developer,Male,8.00,US,JAVA,0.00,0.00,3.00,0.00,0.00,3.00,3.00
90Ai-9A0a-8-28,J4.7,3.00,Hobbyist,Male,30.00,US,PHP,2.00,1.00,0.00,0.00,0.00,1.00,1.00
183EC9G-6E-4-40,J3.6,3.00,Hobbyist,Female,2.00,INDIA,php,0.00,0.00,1.00,0.00,0.00,1.00,1.00
352iG-9c-2C29-1,J4.7,3.00,Undergraduate_Student,Male,1.00,US,C++,0.00,0.00,1.00,2.00,0.00,1.00,3.00
1577Cc1E-5E1-9-3,J3.6,5.00,Undergraduate_Student,Male,2.00,US,Ada,0.00,0.00,1.00,0.00,0.00,1.00,1.00
702ci-6A7G-38-5,J5.35,3.00,Professional_Developer,Female,10.00,INDIA,JAVA,0.00,1.00,1.00,1.00,0.00,2.00,3.00
104eE-2E-5a05-8,J5.35,3.00,Professional_Developer,Male,2.00,US,VB.NET,2.00,1.00,0.00,0.00,0.00,1.00,1.00
98ce7A-4i-507,J1.8,4.00,Undergraduate_Student,Female,10.00,US,c#,0.00,1.00,2.00,0.00,0.00,3.00,3.00
47iC7C7I-8-2-2,J3.6,3.00,Professional_Developer,Male,30.00,US,"vb.net, vbscript, vba",0.00,0.00,1.00,1.00,0.00,1.00,2.00
19CG-8g8e502:609ie-1e-7i-69-2,J3.6,5.00,Other,Male,12.00,US,JAVA,0.00,0.00,3.00,0.00,0.00,3.00,3.00
831AG1c-9G-3-45,J2.24,3.00,Hobbyist,Male,5.00,US,C++,0.00,0.00,1.00,2.00,0.00,1.00,3.00
651iA8E0i-867,J4.7,5.00,Professional_Developer,Male,10.00,US,JAVA,0.00,0.00,3.00,0.00,0.00,3.00,3.00
1266Gc-4I7C152,J3.6,3.00,Professional_Developer,Female,9.00,INDIA,PHP,0.00,0.00,1.00,1.00,0.00,1.00,2.00
494gg-5i2I0-76,J1.8,5.00,Graduate_Student,Male,1.00,US,C++,0.00,0.00,2.00,1.00,0.00,2.00,3.00
53Aa5c-1C-9-70,J4.7,3.00,Undergraduate_Student,Male,3.00,US,JAVA,0.00,0.00,2.00,0.00,0.00,2.00,2.00
318ei6C-4e59-7,J8.54,5.00,Hobbyist,Male,15.00,US,JAVA,0.00,0.00,3.00,0.00,0.00,3.00,3.00
669Ce-6e1a4-71,J5.35,3.00,Hobbyist,Male,15.00,US,Python,0.00,1.00,1.00,1.00,0.00,2.00,3.00
1029gC9I4C-463,J2.24,5.00,Undergraduate_Student,Male,2.00,INDIA,JAVA,3.00,0.00,0.00,0.00,0.00,0.00,0.00
94ce-5I9a-4-3-6:477Gi5i-7I316,J8.54,4.00,Hobbyist,Male,14.00,US,JAVA,0.00,0.00,1.00,2.00,0.00,1.00,3.00
1254gg5C-2C06-7,J6.51,5.00,Professional_Developer,Female,16.00,US,"C, Python",0.00,1.00,2.00,0.00,0.00,3.00,3.00
270eG-5c6A3-46:65eI-2i-2I-9-36,J1.8,5.00,Professional_Developer,Male,20.00,US,C#,0.00,1.00,2.00,0.00,0.00,3.00,3.00
1494IE-6g9G9-48,J1.8,4.00,Hobbyist,Male,8.00,US,python,0.00,0.00,1.00,1.00,0.00,1.00,2.00
270ie-2C-4c-550:97ai0I-8C871,J1.8,5.00,Professional_Developer,Male,20.00,US,c++,0.00,0.00,2.00,1.00,0.00,2.00,3.00
918aC-7a-9A-710,J8.54,3.00,Professional_Developer,Male,10.00,US,C#,0.00,0.00,3.00,0.00,0.00,3.00,3.00
1222ae-7A3c2-7-6,J6.51,4.00,Other,Female,12.00,US,c++,0.00,0.00,2.00,0.00,1.00,2.00,3.00
300eA0A3G951,J3.6,3.00,Professional_Developer,Male,20.00,US,"PHP, Perl",0.00,0.00,1.00,1.00,0.00,1.00,2.00
1110Ge7a2g-1-70,J4.7,3.00,Hobbyist,Female,0.00,US,html,3.00,0.00,0.00,0.00,0.00,0.00,0.00
138iA3e-9A-85-8,J8.54,4.00,Undergraduate_Student,Male,2.00,US,JAVA,0.00,0.00,1.00,0.00,2.00,1.00,3.00
1330Ie9C-8c236,J4.7,3.00,Graduate_Student,Female,10.00,US,JAVA,1.00,0.00,2.00,0.00,0.00,2.00,2.00
23Ai-8E5A-1-1-1,J4.7,5.00,Hobbyist,Male,1.00,US,python,0.00,0.00,1.00,2.00,0.00,1.00,3.00
607iG-5I0i314,J3.6,4.00,Hobbyist,Male,15.00,US,JAVA,0.00,0.00,1.00,1.00,1.00,1.00,3.00
1269AG-3e1e-50-8,J6.51,3.00,Undergraduate_Student,Male,1.00,US,JAVA,2.00,0.00,0.00,0.00,0.00,0.00,0.00
749ei0A6I-20-1,J4.7,4.00,Professional_Developer,Male,15.00,US,C#,3.00,0.00,0.00,0.00,0.00,0.00,0.00
663Eg0E6G90-1,J8.54,5.00,Other,Female,15.00,US,Python,0.00,0.00,2.00,1.00,0.00,2.00,3.00
256ai-9C-4A-2-5-9,J3.6,5.00,Graduate_Student,Male,10.00,US,JAVA,0.00,0.00,1.00,0.00,0.00,1.00,1.00
645ca0i0i87-5:419ee1I0A201,J4.7,5.00,Professional_Developer,Male,20.00,US,c++,0.00,1.00,2.00,0.00,0.00,3.00,3.00
668IE-2E-3i-9-1-6,J8.54,4.00,Hobbyist,Male,9.00,US,"C, Python",2.00,0.00,1.00,0.00,0.00,1.00,1.00
80Ga2E9e43-9,J4.7,4.00,Graduate_Student,Male,2.00,Latvia,JAVA,1.00,0.00,1.00,0.00,0.00,1.00,1.00
1608Ic8c-7G-423,J4.7,4.00,Undergraduate_Student,Male,3.00,US,"c++, assembly",1.00,0.00,0.00,1.00,0.00,0.00,1.00
1445ca0A-2a-819,J1.8,3.00,Undergraduate_Student,Male,2.00,US,JAVA,0.00,0.00,0.00,2.00,0.00,0.00,2.00
893ec6i-1a-49-2,J4.7,4.00,Professional_Developer,Male,17.00,US,JAVA,0.00,0.00,3.00,0.00,0.00,3.00,3.00
35eA-7i-2a656,J7.33,5.00,Professional_Developer,Male,3.00,INDIA,JAVA,0.00,0.00,2.00,1.00,0.00,2.00,3.00
931EE-1g8a-456,J2.24,3.00,Undergraduate_Student,Male,4.00,US,JAVA,0.00,0.00,0.00,3.00,0.00,0.00,3.00
508Ie-4g5I2-2-6,J8.54,3.00,Undergraduate_Student,Female,20.00,US,C++,1.00,0.00,0.00,0.00,0.00,0.00,0.00
230GE3I5a522,J3.6,4.00,Professional_Developer,Female,6.00,US,JAVA,0.00,0.00,3.00,0.00,0.00,3.00,3.00
33IE-8g0A9-7-8,J6.51,5.00,Professional_Developer,Male,8.00,US,JAVA,0.00,1.00,1.00,1.00,0.00,2.00,3.00
75IG0G-7C6-30:286AC-3A-2g0-74:3aI0C8I-9-2-5,J3.6,4.00,Professional_Developer,Female,9.00,INDIA,PHP,0.00,1.00,2.00,0.00,0.00,3.00,3.00
739Gg9c-2G37-5,J8.54,3.00,Professional_Developer,Female,15.00,INDIA,php,0.00,0.00,2.00,1.00,0.00,2.00,3.00
391Ce-9e0c133,J3.6,5.00,Hobbyist,Male,3.00,US,JAVA,1.00,0.00,2.00,0.00,0.00,2.00,2.00
59gA3i5E2-7-9:249IE-2a8E-92-1,J3.6,5.00,Graduate_Student,Male,12.00,Colombia,C++,0.00,1.00,2.00,0.00,0.00,3.00,3.00
813AE9c-9a-61-1,J4.7,3.00,Graduate_Student,Male,6.00,INDIA,JAVA,0.00,0.00,1.00,1.00,1.00,1.00,3.00
1598AG0g-8e-9-32,J1.8,4.00,Professional_Developer,Male,25.00,US,c++,0.00,1.00,1.00,0.00,0.00,2.00,2.00
178Ci-7G0E5-62,J3.6,4.00,Professional_Developer,Male,5.00,US,C,1.00,0.00,1.00,1.00,0.00,1.00,2.00
8EI3i9I949:931ii-1c6G-5-95,J5.35,3.00,Other,Female,10.00,US,JAVA,0.00,1.00,2.00,0.00,0.00,3.00,3.00
22Ce-7c-5C-5-49,J5.35,5.00,Professional_Developer,Male,8.00,US,JAVA,1.00,0.00,0.00,1.00,1.00,0.00,2.00
588IC-1C8c-145,J4.7,4.00,Hobbyist,Male,12.00,US,Python,0.00,1.00,2.00,0.00,0.00,3.00,3.00
1582ai0e2I065,J4.7,5.00,Graduate_Student,Male,2.00,INDIA,JAVA,1.00,1.00,1.00,0.00,0.00,2.00,2.00
1161Ag9E2A015,J4.7,4.00,Undergraduate_Student,Male,10.00,US,JAVA,1.00,0.00,2.00,0.00,0.00,2.00,2.00
613IA4G3g400,J7.33,3.00,Graduate_Student,Male,6.00,US,JAVA,0.00,0.00,2.00,0.00,0.00,2.00,2.00
1274Ie3c0A69-4,J6.51,5.00,Hobbyist,Female,1.00,US,bash,3.00,0.00,0.00,0.00,0.00,0.00,0.00
499Ig1e5E736,J4.7,3.00,Other,Female,26.00,US,SAS,0.00,0.00,1.00,2.00,0.00,1.00,3.00
805aA4C3C-174,J4.7,4.00,Hobbyist,Male,2.00,US,JAVA,0.00,0.00,3.00,0.00,0.00,3.00,3.00
515IG1e8A-9-36,J7.33,5.00,Hobbyist,Male,33.00,US,JAVA,0.00,1.00,1.00,0.00,0.00,2.00,2.00
90Ge-2g-4c24-7,J4.7,5.00,Professional_Developer,Male,3.50,INDIA,JAVA,1.00,1.00,0.00,0.00,0.00,1.00,1.00
1524GC-4c-6e84-1,J4.7,5.00,Professional_Developer,Female,16.00,INDIA,JAVA,0.00,1.00,1.00,0.00,0.00,2.00,2.00
97ci7A-6e537:520EG-8e-4a-42-5,J7.33,5.00,Graduate_Student,Female,1.00,INDIA,JAVA,0.00,0.00,0.00,1.00,1.00,0.00,2.00
1506IC2A8e2-20:615gC7g-8i-21-3:85aA-1G-5e8-11:89cG-4a4I-5-15,J3.6,5.00,Undergraduate_Student,Male,4.00,US,JAVA,0.00,0.00,1.00,1.00,1.00,1.00,3.00
1176aG-6g3A-509,J6.51,3.00,Undergraduate_Student,Male,2.00,US,JAVA,2.00,0.00,1.00,0.00,0.00,1.00,1.00
76Ig1I7i943,J4.7,5.00,Hobbyist,Male,10.00,Poland,PHP,0.00,0.00,3.00,0.00,0.00,3.00,3.00
1303cA-9c3g-609,J4.7,3.00,Professional_Developer,Male,4.00,INDIA,5,0.00,0.00,3.00,0.00,0.00,3.00,3.00
486cI5E-5e4-98,J3.6,4.00,Professional_Developer,Male,10.00,US,JAVA,0.00,0.00,1.00,1.00,1.00,1.00,3.00
99IG-7e4g019,J4.7,5.00,Professional_Developer,Male,15.00,US,JAVA,0.00,1.00,0.00,2.00,0.00,1.00,3.00
775GI0a2G-680,J8.54,3.00,Professional_Developer,Female,2.00,INDIA,JAVA,0.00,1.00,1.00,0.00,1.00,2.00,3.00
13CI-4i-5G7-5-1,J8.54,3.00,Undergraduate_Student,Male,8.00,US,JAVA,0.00,0.00,3.00,0.00,0.00,3.00,3.00
789ga-6I1C50-4,J4.7,4.00,Undergraduate_Student,Female,5.00,US,JAVA,0.00,0.00,2.00,1.00,0.00,2.00,3.00
1522GC0e-3c50-8,J1.8,5.00,Undergraduate_Student,Male,2.00,US,c++,0.00,0.00,2.00,0.00,0.00,2.00,2.00
600Ea-6C6E443,J8.54,5.00,Professional_Developer,Male,12.00,US,"C, VHDL, Python",0.00,0.00,3.00,0.00,0.00,3.00,3.00
283ci-2e-2C70-8,J7.33,5.00,Undergraduate_Student,Male,17.00,US,JAVA,0.00,0.00,3.00,0.00,0.00,3.00,3.00
673eG3G4e074,J8.54,3.00,Hobbyist,Male,16.00,US,C#,0.00,0.00,1.00,2.00,0.00,1.00,3.00
56II-1e7E-789:57CI-4g3G20-9,J6.51,5.00,Hobbyist,Female,9.00,US,PHP,0.00,0.00,1.00,0.00,0.00,1.00,1.00
214ea9G9i04-1,J3.6,3.00,Graduate_Student,Male,4.00,US,JAVA,1.00,0.00,0.00,1.00,1.00,0.00,2.00
9GI2A-8C06-5,J4.7,5.00,Professional_Developer,Male,8.00,US,JAVA,0.00,1.00,2.00,0.00,0.00,3.00,3.00
512cC-2g-1G0-6-7,J3.6,3.00,Professional_Developer,Male,4.00,US,JAVA,0.00,0.00,1.00,0.00,0.00,1.00,1.00
19EC-9E-6c37-8,J4.7,4.00,Graduate_Student,Male,8.00,Germany,JAVA,0.00,0.00,3.00,0.00,0.00,3.00,3.00
44iA1A8E-495,J6.51,4.00,Graduate_Student,Female,3.00,INDIA,perl,0.00,0.00,3.00,0.00,0.00,3.00,3.00
598Ia1G-5e2-45,J4.7,5.00,Hobbyist,Female,3.00,US,JAVA,0.00,0.00,1.00,0.00,0.00,1.00,1.00
1010Cc7a3A2-9-6,J6.51,5.00,Professional_Developer,Male,35.00,US,"python, c++",0.00,1.00,1.00,1.00,0.00,2.00,3.00
3AG2a6c-6-4-6:485Gg1i-6E-150:13GC7c-2c-843,J8.54,5.00,Other,Male,6.00,US,python,0.00,1.00,1.00,1.00,0.00,2.00,3.00
210AA2A1E-24-1,J3.6,4.00,Undergraduate_Student,Female,2.00,US,HTML,1.00,0.00,0.00,0.00,0.00,0.00,0.00
251cg0c6g505,J8.54,4.00,Hobbyist,Male,4.00,Serbia,python,0.00,0.00,3.00,0.00,0.00,3.00,3.00
1035cc-5g1C3-98,J4.7,4.00,Undergraduate_Student,Other,2.00,US,JAVA,0.00,0.00,3.00,0.00,0.00,3.00,3.00
661ee-4e-8c4-5-6,J8.54,4.00,Professional_Developer,Male,10.00,US,"C,C++,.NET",0.00,1.00,1.00,1.00,0.00,2.00,3.00
754cC2G-2A-4-8-2,J4.7,5.00,Undergraduate_Student,Male,2.00,INDIA,JAVA,2.00,0.00,0.00,1.00,0.00,0.00,1.00
1057Ce-9i-9E-105,J4.7,4.00,Undergraduate_Student,Male,2.00,US,C++,0.00,0.00,1.00,0.00,1.00,1.00,2.00
1449GA0I-4C14-1,J1.8,4.00,Undergraduate_Student,Male,4.00,US,php and C++,0.00,1.00,2.00,0.00,0.00,3.00,3.00
1033Ae4A5G2-3-4,J3.6,5.00,Professional_Developer,Male,25.00,US,"c#, c++",0.00,1.00,2.00,0.00,0.00,3.00,3.00
1059Ec7i-9C0-64,J4.7,5.00,Professional_Developer,Male,19.00,US,JAVA,0.00,1.00,1.00,0.00,0.00,2.00,2.00
4IC-5i7I612:81ia8g6g-3-69:10IE-1i1e662,J3.6,4.00,Graduate_Student,Male,1.00,INDIA,JAVA,0.00,0.00,3.00,0.00,0.00,3.00,3.00
996ec0C2g-36-7:7ga-6A-2g8-9-1,J4.7,5.00,Hobbyist,Male,8.00,US,Python,1.00,0.00,2.00,0.00,0.00,2.00,2.00
23EE-1c8E1-7-2:16eA-3g-9A-7-5-3,J2.24,4.00,Professional_Developer,Female,6.00,INDIA,"PHP,MySQL",1.00,1.00,1.00,0.00,0.00,2.00,2.00
106EC-9i-4a-718,J4.7,4.00,Other,Female,35.00,US,JAVA,0.00,1.00,1.00,0.00,0.00,2.00,2.00
1036GI8I-8e6-30,J4.7,4.00,Undergraduate_Student,Male,1.00,US,JSP,1.00,0.00,0.00,0.00,0.00,0.00,0.00
702gc9c4a9-86,J3.6,3.00,Professional_Developer,Male,20.00,US,JAVA,1.00,0.00,0.00,1.00,1.00,0.00,2.00
513EI6i2E44-6,J8.54,4.00,Hobbyist,Male,5.00,US,JAVA,0.00,0.00,2.00,0.00,1.00,2.00,3.00
1007Ce4C-7e-8-3-7,J4.7,3.00,Professional_Developer,Female,2.00,US,JAVA,0.00,1.00,1.00,1.00,0.00,2.00,3.00
1213eA-4e-9g0-98,J6.51,5.00,Professional_Developer,Male,10.00,US,C#,0.00,0.00,2.00,0.00,1.00,2.00,3.00
1662iG5A2G0-7-8:1702Ec2c-6C3-9-5,J4.7,3.00,Undergraduate_Student,Female,3.00,US,JAVA,0.00,0.00,1.00,0.00,0.00,1.00,1.00
10Ei5i-5c-61-9,J7.33,5.00,Professional_Developer,Male,7.00,US,visual fox pro,0.00,1.00,1.00,0.00,1.00,2.00,3.00
94CA2E-8e-485:14aa-9a8A-9-86,J3.6,5.00,Professional_Developer,Male,15.00,US,"HTML, CSS",0.00,0.00,1.00,0.00,1.00,1.00,2.00
1600Cc-8c9E841:67GE4A0g-870,J4.7,4.00,Undergraduate_Student,Male,3.00,US,C++,1.00,0.00,1.00,1.00,0.00,1.00,2.00
1138Ec-3g8I-6-1-9,J4.7,3.00,Graduate_Student,Male,3.00,INDIA,JAVA,0.00,0.00,0.00,1.00,1.00,0.00,2.00
545gg-4G7e00-1,J5.35,3.00,Hobbyist,Male,30.00,US,JAVA,2.00,1.00,0.00,0.00,0.00,1.00,1.00
81aa3e6E7-48,J4.7,4.00,Undergraduate_Student,Male,3.00,US,JAVA,0.00,0.00,3.00,0.00,0.00,3.00,3.00
1566Gg-1I7G-1-4-3,J4.7,4.00,Professional_Developer,Male,2.00,canada,JAVA,0.00,0.00,2.00,1.00,0.00,2.00,3.00
527ei-7g-8c1-70,J8.54,5.00,Graduate_Student,Male,3.00,US,R,0.00,0.00,2.00,1.00,0.00,2.00,3.00
502Ia1G-7i-502,J1.8,5.00,Hobbyist,Male,15.00,INDIA,"VB.Net, SQL",0.00,0.00,3.00,0.00,0.00,3.00,3.00
845EI-3g-3E700,J4.7,5.00,Undergraduate_Student,Male,6.00,US,"C#, C++",0.00,0.00,3.00,0.00,0.00,3.00,3.00
14Gg6e1I7-56,J4.7,5.00,Professional_Developer,Male,28.00,US,JAVA,0.00,0.00,3.00,0.00,0.00,3.00,3.00
101GC1i5g-7-61:1008II-5a4e60-9:110gg-3i2G-6-94,J4.7,5.00,Professional_Developer,Male,15.00,INDIA,JAVA,0.00,0.00,3.00,0.00,0.00,3.00,3.00
957cC5C0E4-4-5,J4.7,5.00,Undergraduate_Student,Male,2.00,US,Ada,0.00,1.00,2.00,0.00,0.00,3.00,3.00
18ii-3A8a-2-2-3:17cC4a2e-8-2-6,J7.33,3.00,Hobbyist,Male,5.00,US,C#,0.00,0.00,2.00,0.00,1.00,2.00,3.00
1519cI0C0C5-18,J1.8,4.00,Undergraduate_Student,Male,2.00,US,C,0.00,0.00,2.00,0.00,0.00,2.00,2.00
1126Ai0i0i-74-1,J8.54,5.00,Hobbyist,Male,15.00,US,JAVA,0.00,0.00,3.00,0.00,0.00,3.00,3.00
346Gg6E5E475,J3.6,4.00,Professional_Developer,Male,4.00,US,JAVA,0.00,1.00,2.00,0.00,0.00,3.00,3.00
941eE-4G9i-56-4:283Aa7E0I474,J1.8,3.00,Undergraduate_Student,Male,5.00,US,JAVA,0.00,0.00,3.00,0.00,0.00,3.00,3.00
1493Ai0E9A4-49,J4.7,4.00,Professional_Developer,Male,35.00,US,"python, c++",0.00,0.00,3.00,0.00,0.00,3.00,3.00
1026Ae-6g1E-5-62,J4.7,4.00,Other,Female,5.00,INDIA,VisualBasic,2.00,0.00,0.00,1.00,0.00,0.00,1.00
16GI2i-7c70-7,J4.7,4.00,Hobbyist,Female,2.00,US,python,1.00,0.00,2.00,0.00,0.00,2.00,2.00
625ce5g-7c1-7-9,J4.7,4.00,Other,Male,30.00,US,C++,0.00,0.00,1.00,0.00,0.00,1.00,1.00
1AI-7e-8i090,J4.7,4.00,Hobbyist,Male,35.00,US,Euphoria,0.00,0.00,1.00,1.00,1.00,1.00,3.00
741Ec-1c3C-7-2-5,J8.54,3.00,Undergraduate_Student,Male,6.00,US,Python,0.00,0.00,2.00,1.00,0.00,2.00,3.00
83aa-2a3G4-14,J4.7,4.00,Professional_Developer,Male,20.00,US,C++,0.00,0.00,3.00,0.00,0.00,3.00,3.00
1160gG0A0g516,J4.7,4.00,Professional_Developer,Male,5.00,US,JAVA,1.00,0.00,1.00,1.00,0.00,1.00,2.00
867ee0c4I-76-3,J4.7,3.00,Graduate_Student,Female,2.00,INDIA,c++,0.00,0.00,0.00,3.00,0.00,0.00,3.00
1593eE-3a2g273,J1.8,5.00,Undergraduate_Student,Male,8.00,US,JAVA,0.00,0.00,1.00,0.00,0.00,1.00,1.00
327CC-3i7A146,J3.6,4.00,Graduate_Student,Male,5.00,US,JAVA,1.00,0.00,2.00,0.00,0.00,2.00,2.00
40Ag4a-1c-41-2,J3.6,3.00,Professional_Developer,Female,3.00,US,JAVA,0.00,0.00,2.00,0.00,1.00,2.00,3.00
565Ag1e1E5-67,J8.54,4.00,Professional_Developer,Female,3.00,INDIA,C#,0.00,0.00,1.00,0.00,0.00,1.00,1.00
96Ca-7E2i-14-2,J4.7,3.00,Undergraduate_Student,Male,1.00,US,Python,1.00,0.00,1.00,1.00,0.00,1.00,2.00
67AI-8G5A71-3:163Aa0i0a963:161eg5c5I-649,J1.8,5.00,Other,Male,30.00,US,"none at present, most C and ksh in past, C++,",0.00,0.00,2.00,0.00,1.00,2.00,3.00
242Cg7E7G-60-3,J3.6,5.00,Hobbyist,Male,5.00,US,"matlab, js",0.00,0.00,1.00,2.00,0.00,1.00,3.00
553Ic-5c-3E0-81,J8.54,4.00,Professional_Developer,Male,4.00,US,JAVA,0.00,0.00,1.00,1.00,1.00,1.00,3.00
188aC8i1a150,J1.8,5.00,Professional_Developer,Female,4.00,INDIA,JAVA,0.00,1.00,1.00,0.00,0.00,2.00,2.00
64eA1C3G808,J6.51,5.00,Professional_Developer,Male,6.00,Italy,JAVA,1.00,0.00,1.00,0.00,1.00,1.00,2.00
1388Ce-6C9A-683,J4.7,4.00,Graduate_Student,Male,1.00,INDIA,JAVA,0.00,0.00,3.00,0.00,0.00,3.00,3.00
909Ee-1C5I-65-5,J8.54,3.00,Other,Male,3.00,US,SAS,0.00,0.00,2.00,1.00,0.00,2.00,3.00
516eI-1a3E900,J8.54,4.00,Other,Male,20.00,US,JAVA,0.00,0.00,3.00,0.00,0.00,3.00,3.00
71gi8a1G5-74,J4.7,5.00,Hobbyist,Male,7.00,US,Python,2.00,0.00,0.00,0.00,0.00,0.00,0.00
127IC0c0A-56-3,J5.35,4.00,Professional_Developer,Female,15.00,US,c sharp,0.00,1.00,2.00,0.00,0.00,3.00,3.00
80ca6g0i-1-49:23iE-4i0a1-40,J8.54,3.00,Undergraduate_Student,Male,2.00,US,Matlab,0.00,0.00,2.00,1.00,0.00,2.00,3.00
470aA4i3I-404,J4.7,3.00,Undergraduate_Student,Male,3.00,US,Swift,0.00,0.00,2.00,1.00,0.00,2.00,3.00
109CE-9e-3I1-37,J3.6,5.00,Graduate_Student,Female,4.00,US,JAVA,1.00,0.00,2.00,0.00,0.00,2.00,2.00
711CI1g-7G-6-6-5,J8.54,4.00,Undergraduate_Student,Male,7.00,US,Python,0.00,0.00,2.00,0.00,0.00,2.00,2.00
781gE-5a0I-2-8-5,J3.6,3.00,Hobbyist,Male,35.00,US,Euphoria,0.00,1.00,1.00,1.00,0.00,2.00,3.00
91Ca-7G6e-5-5-6,J4.7,4.00,Professional_Developer,Male,25.00,US,JAVA,0.00,0.00,3.00,0.00,0.00,3.00,3.00
299EC-4G-4a-3-89,J8.54,4.00,Professional_Developer,Female,3.00,US,JAVA,0.00,0.00,3.00,0.00,0.00,3.00,3.00
1583cG-5E-8C-6-50,J3.6,4.00,Professional_Developer,Male,25.00,US,C,0.00,1.00,1.00,1.00,0.00,2.00,3.00
395CE-8i-6E3-52,J8.54,3.00,Hobbyist,Male,2.00,Unites States of America,JAVA,0.00,2.00,1.00,0.00,0.00,3.00,3.00
358ig-7C7C5-1-2:10EI0c-3A0-3-9,J2.24,5.00,Professional_Developer,Male,5.00,US,SQL,0.00,1.00,1.00,0.00,1.00,2.00,3.00
585Eg7c9e716,J8.54,5.00,Hobbyist,Female,2.00,US,Python,2.00,0.00,1.00,0.00,0.00,1.00,1.00
84CE-1i3I00-5,J5.35,5.00,Professional_Developer,Female,3.00,INDIA,JAVA,0.00,1.00,0.00,2.00,0.00,1.00,3.00
1521AI-8g4A-1-63,J1.8,5.00,Undergraduate_Student,Male,17.00,US,JAVA,0.00,0.00,2.00,0.00,0.00,2.00,2.00
1558IC6A2G07-8,J1.8,3.00,Professional_Developer,Male,7.00,INDIA,JAVA,0.00,1.00,1.00,0.00,0.00,2.00,2.00
235ec8G6c-82-6,J1.8,5.00,Hobbyist,Male,1.00,US,JAVA,0.00,0.00,3.00,0.00,0.00,3.00,3.00
185ci-3a-7c2-76,J3.6,3.00,Professional_Developer,Female,9.00,INDIA,PHP,1.00,0.00,0.00,2.00,0.00,0.00,2.00
29ii5g2i4-31,J4.7,5.00,Professional_Developer,Male,2.00,US,JAVA,0.00,0.00,2.00,0.00,1.00,2.00,3.00
809cE-2g-5i-8-5-7,J4.7,3.00,Graduate_Student,Male,3.00,INDIA,JAVA,0.00,1.00,1.00,1.00,0.00,2.00,3.00
358Ce0A6e-50-7,J3.6,3.00,Professional_Developer,Male,3.00,US,JAVA,0.00,0.00,2.00,0.00,1.00,2.00,3.00
333aA2c-1a4-28,J8.54,5.00,Professional_Developer,Male,32.00,US,JAVA,0.00,0.00,2.00,1.00,0.00,2.00,3.00
855ce-6e-8A-7-3-2,J4.7,3.00,Undergraduate_Student,Male,4.00,US,JAVA,0.00,1.00,0.00,0.00,0.00,1.00,1.00
75Ei-8A9C4-76,J8.54,4.00,Graduate_Student,Female,1.00,INDIA,JAVA,0.00,1.00,1.00,0.00,1.00,2.00,3.00
390iE-1e-1e-908,J8.54,3.00,Hobbyist,Male,3.00,US,C++,0.00,0.00,2.00,1.00,0.00,2.00,3.00
426AC1I-8a919,J8.54,3.00,Other,Female,2.00,US,HTML,3.00,0.00,0.00,0.00,0.00,0.00,0.00
706Ic-7e-9A5-43,J5.35,5.00,Graduate_Student,Female,5.00,INDIA,C,0.00,0.00,0.00,1.00,0.00,0.00,1.00
423Ee5A0E5-93,J7.33,5.00,Hobbyist,Male,5.00,US,C++,1.00,0.00,0.00,0.00,2.00,0.00,2.00
515AA4c-5g-9-77,J4.7,4.00,Professional_Developer,Female,12.00,INDIA,VB.net,1.00,0.00,2.00,0.00,0.00,2.00,2.00
549EI-5E-8e-92-5,J4.7,5.00,Hobbyist,Female,5.00,INDIA,JAVA,1.00,0.00,0.00,0.00,0.00,0.00,0.00
74iC-2e-1C5-78,J8.54,4.00,Undergraduate_Student,Male,6.00,Romania,JAVA,0.00,0.00,2.00,1.00,0.00,2.00,3.00
52ce6C-7G-1-1-1,J8.54,3.00,Undergraduate_Student,Male,5.00,US,JAVA,0.00,0.00,2.00,1.00,0.00,2.00,3.00
850CI-4G6E-6-4-8,J4.7,3.00,Hobbyist,Female,2.00,US,C#,0.00,1.00,2.00,0.00,0.00,3.00,3.00
1428ei-8G-8i70-4,J4.7,3.00,Undergraduate_Student,Female,3.00,INDIA,c,0.00,1.00,0.00,1.00,0.00,1.00,2.00
106iG8G-9I-9-80:590CG-6G-7i-71-9,J5.35,4.00,Professional_Developer,Male,10.00,US,C++,0.00,1.00,0.00,2.00,0.00,1.00,3.00
945eg8c3A220,J4.7,4.00,Other,Male,2.00,INDIA,JAVA,3.00,0.00,0.00,0.00,0.00,0.00,0.00
771eE-2I5c-40-7,J2.24,3.00,Professional_Developer,Female,9.00,INDIA,PHP,0.00,0.00,2.00,1.00,0.00,2.00,3.00
751gC1a0c-7-3-2,J4.7,4.00,Hobbyist,Male,1.00,US,Python,2.00,0.00,1.00,0.00,0.00,1.00,1.00
1085iG9e-2C-6-57,J4.7,5.00,Professional_Developer,Male,3.00,INDIA,JAVA,0.00,0.00,2.00,0.00,1.00,2.00,3.00
1338Ag-4A7i-4-85,J1.8,3.00,Graduate_Student,Male,2.00,US,JAVA,2.00,0.00,0.00,0.00,0.00,0.00,0.00
556ce9C0G5-9-7,J6.51,4.00,Undergraduate_Student,Male,2.00,US,JAVA,0.00,0.00,2.00,0.00,1.00,2.00,3.00
191CA-4G6G-4-20,J8.54,3.00,Hobbyist,Female,4.00,US,Python,0.00,2.00,1.00,0.00,0.00,3.00,3.00
394Cg0C6E-70-2,J3.6,3.00,Graduate_Student,Male,3.00,Bulgaria,"C#, Python",0.00,1.00,1.00,1.00,0.00,2.00,3.00
10eA-4G6I98-6,J4.7,5.00,Undergraduate_Student,Male,1.00,US,html,0.00,1.00,0.00,2.00,0.00,1.00,3.00
555aC0a8e4-8-3:535CE8A-5e-95-2,J1.8,3.00,Graduate_Student,Female,1.00,US,JAVA,0.00,1.00,0.00,2.00,0.00,1.00,3.00
208ae5c-5e-2-5-1,J8.54,5.00,Hobbyist,Male,20.00,US,python,0.00,0.00,3.00,0.00,0.00,3.00,3.00
816iE-9I-4e-87-8,J4.7,3.00,Graduate_Student,Male,2.00,INDIA,JAVA,3.00,0.00,0.00,0.00,0.00,0.00,0.00
1114Ii7g4i-76-9,J4.7,4.00,Hobbyist,Female,1.00,US,BASH,0.00,0.00,3.00,0.00,0.00,3.00,3.00
817EE-1e2C78-7:129eE4a-1E-24-3,J2.24,3.00,Hobbyist,Male,32.00,US,JAVA,0.00,2.00,1.00,0.00,0.00,3.00,3.00
17aA-9e6i460,J4.7,4.00,Professional_Developer,Female,3.00,US,JAVA,0.00,0.00,1.00,2.00,0.00,1.00,3.00
9gG8A-6g-1-55:601eI7I-3a-5-5-6,J1.8,4.00,Professional_Developer,Male,5.00,US,C#,0.00,0.00,3.00,0.00,0.00,3.00,3.00
357Ac8I-6G-770,J5.35,3.00,Undergraduate_Student,Male,2.00,US,Matlab,0.00,1.00,1.00,1.00,0.00,2.00,3.00
207GI-1i3I004,J4.7,5.00,Undergraduate_Student,Female,3.00,US,JAVA,2.00,0.00,0.00,1.00,0.00,0.00,1.00
505GE3G-6a90-4:757ia0c-2i-4-17,J3.6,4.00,Hobbyist,Male,3.00,US,Python,3.00,0.00,0.00,0.00,0.00,0.00,0.00
51AE0A-7E53-3,J4.7,4.00,Graduate_Student,Female,5.00,US,c#,1.00,0.00,0.00,0.00,0.00,0.00,0.00
1159AI-9A9g2-1-9,J4.7,5.00,Professional_Developer,Male,20.00,US,JAVA,0.00,0.00,2.00,0.00,1.00,2.00,3.00
679cc3G-4E-7-7-3,J8.54,3.00,Hobbyist,Male,1.50,US,JAVA,1.00,0.00,2.00,0.00,0.00,2.00,2.00
584cC0A4G-821,J7.33,4.00,Undergraduate_Student,Male,1.00,US,JAVA,1.00,0.00,0.00,0.00,0.00,0.00,0.00
484Ec-5E-6C52-2,J8.54,5.00,Undergraduate_Student,Male,6.00,US,"C#, C++",0.00,0.00,2.00,1.00,0.00,2.00,3.00
100iI-7A-7g-505:15ge-4I9c-31-7,J1.8,5.00,Hobbyist,Male,4.00,US,JAVA,0.00,0.00,0.00,1.00,1.00,0.00,2.00
509ag3C6G-120,J8.54,4.00,Professional_Developer,Male,10.00,US,JAVA,0.00,0.00,3.00,0.00,0.00,3.00,3.00
1332CE5a-2e-9-3-1,J4.7,5.00,Hobbyist,Male,4.00,US,JAVA,0.00,0.00,2.00,1.00,0.00,2.00,3.00
37gg5C-5i149,J5.35,5.00,Graduate_Student,Male,6.00,US,C,2.00,1.00,0.00,0.00,0.00,1.00,1.00
24cc-9i1a-4-81,J4.7,3.00,Professional_Developer,Male,10.00,US,JAVA,1.00,0.00,1.00,1.00,0.00,1.00,2.00
801iG-2I-2G450,J4.7,4.00,Graduate_Student,Male,10.00,US,python,1.00,0.00,0.00,2.00,0.00,0.00,2.00
979ei-5I-9C5-61,J4.7,4.00,Undergraduate_Student,Female,1.00,US,Python,1.00,0.00,1.00,1.00,0.00,1.00,2.00
835iG-2A-6c5-1-3,J2.24,3.00,Undergraduate_Student,Male,17.00,US,JAVA,0.00,0.00,1.00,0.00,2.00,1.00,3.00
257iC-1e8c9-56,J3.6,5.00,Undergraduate_Student,Other,2.00,US,C++,0.00,0.00,3.00,0.00,0.00,3.00,3.00
181gi-1i8G-4-2-9,J4.7,3.00,Undergraduate_Student,Male,2.00,US,JAVA,0.00,0.00,3.00,0.00,0.00,3.00,3.00
1471CA8i0C-225,J1.8,5.00,Other,Female,15.00,US,Python,0.00,1.00,1.00,0.00,0.00,2.00,2.00
59eA3i6i030:86GA-3G-4C8-5-2,J2.24,4.00,Hobbyist,Male,15.00,US,C#,0.00,0.00,3.00,0.00,0.00,3.00,3.00
83AA6G-2C-583,J6.51,5.00,Hobbyist,Male,24.00,US,PHP,1.00,0.00,0.00,1.00,0.00,0.00,1.00
956GG7A0C-223,J4.7,3.00,Graduate_Student,Male,6.00,INDIA,SQL,0.00,0.00,0.00,3.00,0.00,0.00,3.00
434Ci3a0c-1-68,J5.35,4.00,Professional_Developer,Male,33.00,US,C#,1.00,0.00,1.00,0.00,1.00,1.00,2.00
1504ic8g0I130:312cI-5a9I-1-82:10eG-8i5a-618,J3.6,5.00,Professional_Developer,Male,8.00,INDIA,C#,0.00,1.00,2.00,0.00,0.00,3.00,3.00
35Eg-6i-8G-2-6-8,J2.24,3.00,Undergraduate_Student,Female,3.00,US,php,0.00,0.00,1.00,2.00,0.00,1.00,3.00
92ea8E5i07-8:77cc-5c0G32-4,J8.54,4.00,Graduate_Student,Male,6.00,US,JAVA,0.00,0.00,2.00,0.00,1.00,2.00,3.00
1164Ac-1A6E-19-8,J4.7,3.00,Other,Male,1.00,US,JAVA,1.00,0.00,0.00,0.00,0.00,0.00,0.00
1371aa-3i6A-67-2,J4.7,4.00,Undergraduate_Student,Male,5.00,US,JAVA,1.00,0.00,1.00,1.00,0.00,1.00,2.00
458eA4a-4i44-9,J8.54,4.00,Undergraduate_Student,Male,9.00,US,JAVA,0.00,1.00,1.00,0.00,1.00,2.00,3.00
605cg-2c6g-665,J8.54,3.00,Undergraduate_Student,Male,2.00,US,JAVA,1.00,0.00,2.00,0.00,0.00,2.00,2.00
985AG2C4g-61-6,J4.7,3.00,Graduate_Student,Female,1.00,INDIA,C,0.00,0.00,1.00,1.00,1.00,1.00,3.00
27Ei-8i0A-3-59:15cG-7i7C996,J2.24,3.00,Professional_Developer,Male,23.00,US,"RPG, Visual Basic",1.00,2.00,0.00,0.00,0.00,2.00,2.00
1256Ii4I4g84-2,J6.51,3.00,Professional_Developer,Male,12.00,US,JAVA,3.00,0.00,0.00,0.00,0.00,0.00,0.00
355Aa-2E7e8-97,J3.6,4.00,Professional_Developer,Male,10.00,US,JAVA,0.00,0.00,1.00,2.00,0.00,1.00,3.00
1497Ia5a4a-185,J1.8,4.00,Undergraduate_Student,Female,3.00,US,C,0.00,0.00,2.00,0.00,0.00,2.00,2.00
770Ce-7G-7e721,J4.7,4.00,Hobbyist,Male,1.00,INDIA,ASP.NET,0.00,0.00,0.00,3.00,0.00,0.00,3.00
727aI-4c3a52-9,J8.54,5.00,Graduate_Student,Male,4.00,INDIA,"C, Cuda, Matlab",0.00,0.00,3.00,0.00,0.00,3.00,3.00
1458GG9g6A2-9-9,J4.7,5.00,Hobbyist,Male,3.00,US,C#,2.00,0.00,1.00,0.00,0.00,1.00,1.00
1050eE-1c-6C0-2-1,J4.7,5.00,Professional_Developer,Male,10.00,US,php,0.00,1.00,2.00,0.00,0.00,3.00,3.00
94iC8I-7g2-6-9:176ac-2C-6e7-94,J3.6,3.00,Professional_Developer,Male,25.00,US,"C#, C++",0.00,0.00,0.00,2.00,1.00,0.00,3.00
52ag-1C-3E-29-3,J8.54,3.00,Hobbyist,Female,1.00,US,JAVA,0.00,0.00,2.00,0.00,0.00,2.00,2.00
817Ec-1A8c-194,J4.7,4.00,Undergraduate_Student,Male,8.00,US,JAVA,1.00,0.00,0.00,2.00,0.00,0.00,2.00
1394iC9g0e-7-66,J4.7,4.00,Professional_Developer,Male,5.00,US,C++ and Python,0.00,0.00,2.00,1.00,0.00,2.00,3.00
1503ge-6g-9C95-7,J4.7,3.00,Other,Male,7.00,INDIA,JAVA,2.00,0.00,0.00,1.00,0.00,0.00,1.00
940IE-6c3C5-6-5,J4.7,3.00,Other,Male,1.00,Sri Lanka,Python,0.00,0.00,1.00,2.00,0.00,1.00,3.00
1206iA4i-9C6-8-3,J6.51,5.00,Undergraduate_Student,Female,2.00,US,3,0.00,0.00,1.00,1.00,1.00,1.00,3.00
247iI-1a-8i-2-2-3,J8.54,4.00,Other,Female,7.00,US,JAVA,0.00,0.00,3.00,0.00,0.00,3.00,3.00
43IC4E-5c0-3-2,J2.24,3.00,Hobbyist,Male,12.00,US,AJAX,1.00,0.00,0.00,0.00,1.00,0.00,1.00
406cI-5A0g-91-1,J3.6,3.00,Graduate_Student,Male,1.00,Romania,Swift,2.00,0.00,0.00,0.00,0.00,0.00,0.00
118Cc-2C-6I-1-83,J6.51,5.00,Graduate_Student,Female,3.00,INDIA,JAVA,0.00,0.00,1.00,1.00,1.00,1.00,3.00
656AI5G0i-32-5,J1.8,4.00,Undergraduate_Student,Male,4.00,US,JAVA,0.00,1.00,2.00,0.00,0.00,3.00,3.00
733ea2e-6i808,J8.54,5.00,Hobbyist,Male,1.00,US,C++,1.00,0.00,2.00,0.00,0.00,2.00,2.00
205Ai1c-6A95-2,J8.54,3.00,Professional_Developer,Male,11.00,US,"MAGIC, C++",3.00,0.00,0.00,0.00,0.00,0.00,0.00
881AC0I2E-625:135cI3E-7e8-86,J1.8,5.00,Professional_Developer,Male,7.00,US,JAVA,0.00,1.00,2.00,0.00,0.00,3.00,3.00
1523iA8C4C-602,J1.8,5.00,Professional_Developer,Male,14.00,US,"C++,Object Pascal",0.00,1.00,1.00,0.00,0.00,2.00,2.00
602Cc9g-4i1-3-4,J8.54,3.00,Undergraduate_Student,Female,2.00,US,python,0.00,0.00,3.00,0.00,0.00,3.00,3.00
686GG7a1c856,J8.54,5.00,Professional_Developer,Male,10.00,US,JAVA,0.00,0.00,1.00,2.00,0.00,1.00,3.00
375iA6E-5g91-6,J7.33,5.00,Hobbyist,Female,5.00,US,JAVA,0.00,0.00,2.00,0.00,1.00,2.00,3.00
1171ea-4g-6C-73-8,J6.51,3.00,Graduate_Student,Male,2.00,US,C#,0.00,0.00,1.00,2.00,0.00,1.00,3.00
96CE1c7G35-1:591ga-7E0E9-88,J4.7,4.00,Hobbyist,Female,15.00,US,JAVA,0.00,0.00,2.00,0.00,1.00,2.00,3.00
5Ag-2g5E106,J4.7,5.00,Undergraduate_Student,Male,3.00,US,JAVA,0.00,0.00,1.00,1.00,1.00,1.00,3.00
57Ai4C-7E67-1,J4.7,5.00,Professional_Developer,Female,6.00,US,C++,0.00,0.00,3.00,0.00,0.00,3.00,3.00
162EC-9C1G-9-8-2,J8.54,3.00,Graduate_Student,Female,1.00,uk,C,0.00,0.00,0.00,1.00,0.00,0.00,1.00
1210gi0G-9I-1-5-7,J6.51,4.00,Graduate_Student,Male,8.00,US,Python,0.00,0.00,1.00,0.00,0.00,1.00,1.00
222cC-5A1E364,J8.54,4.00,Professional_Developer,Male,5.00,US,JAVA,0.00,0.00,1.00,1.00,1.00,1.00,3.00
1457Ee7C-8c4-51:836Ii-6G-5c-819,J4.7,3.00,Undergraduate_Student,Female,2.00,US,Python,3.00,0.00,0.00,0.00,0.00,0.00,0.00
901AG-9g1g270,J4.7,5.00,Professional_Developer,Female,7.00,INDIA,JAVA,0.00,1.00,2.00,0.00,0.00,3.00,3.00
498ce-2a7G1-27,J8.54,4.00,Undergraduate_Student,Male,3.00,US,C,0.00,0.00,3.00,0.00,0.00,3.00,3.00
470Gc0A-7e-350,J7.33,5.00,Hobbyist,Male,10.00,US,JAVA,0.00,0.00,0.00,1.00,1.00,0.00,2.00
431IC5c-9A-716,J5.35,3.00,Undergraduate_Student,Female,2.00,US,C++,0.00,0.00,1.00,1.00,1.00,1.00,3.00
268Ai-3a-7G689,J3.6,3.00,Graduate_Student,Female,2.00,US,python,0.00,0.00,1.00,1.00,1.00,1.00,3.00
1592Eg1I-7A9-5-4,J1.8,5.00,Professional_Developer,Male,12.00,US,JAVA,0.00,0.00,2.00,0.00,0.00,2.00,2.00
321Ei-7C3c96-3,J8.54,3.00,Professional_Developer,Male,5.00,US,SQL,0.00,0.00,3.00,0.00,0.00,3.00,3.00
1569GA-9C0a903,J1.8,5.00,Professional_Developer,Male,7.00,US,visual foxpro,0.00,1.00,1.00,0.00,0.00,2.00,2.00
393gE6C1e-964,J8.54,3.00,Other,Female,20.00,US,Various,0.00,0.00,2.00,1.00,0.00,2.00,3.00
690eg9E3e-97-9,J8.54,3.00,Professional_Developer,Male,2.00,INDIA,JAVA,1.00,0.00,1.00,1.00,0.00,1.00,2.00
66Ig3i-8i-7-4-5,J6.51,5.00,Hobbyist,Female,10.00,US,python,0.00,0.00,3.00,0.00,0.00,3.00,3.00
519CE-1a-8G700:117Ec-7c4a-50-9:93Ce-7c-8i-69-4,J1.8,5.00,Professional_Developer,Female,4.00,US,JAVA,0.00,0.00,2.00,1.00,0.00,2.00,3.00
