Profession,YoE,Gender,Age,,1,2,3,4,5,,,,,
Prof. developer,35,Female,57,1,,,,,,,,,,
Hobbyist,35,Male,59,2,,,,,,,,,,
Other,50,Male,72,3,,,,,,,,,,
Grad. student,18,Female,18,4,,,,,,,,,,
Prof. developer,35,Male,42,5,,,,,,,,,,
Prof. developer,35,Male,55,6,,,,,,,,,,
Prof. developer,35,Male,42,7,,,,,,,,,,
Prof. developer,35,Male,42,8,,,,,,,,,,
Prof. developer,35,Male,43,9,,,,,,,,,,
Other,35,Female,67,,,,,,,,,,,
Hobbyist,35,Male,59,,,,,,,,,,,
Hobbyist,35,Male,59,,,,,,,,,,,
Prof. developer,33,Male,57,,,,,,,,,,,
Hobbyist,33,Male,43,,,,,,,,,,,
Hobbyist,33,Male,47,,,,,,,,,,,
Prof. developer,32,Male,32,,,,,,,,,,,
Prof. developer,32,Male,48,,,,,,,,,,,
Prof. developer,32,Male,50,,,,,,,,,,,
Hobbyist,32,Male,32,,,,,,,,,,,
Prof. developer,30,Male,43,,,,,,,,,,,
Prof. developer,30,Male,43,,,,,,,,,,,
Other,30,Male,50,,,,,,,,,,,
Other,30,Male,52,,,,,,,,,,,
Other,30,Female,62,,,,,,,,,,,
Other,30,Female,62,,,,,,,,,,,
Other,30,Male,61,,,,,,,,,,,
Other,30,Male,61,,,,,,,,,,,
Other,30,Male,49,,,,,,,,,,,
Hobbyist,30,Male,44,,,,,,,,,,,
Hobbyist,30,Male,60,,     YoE                        Gender          Age        ,,,,,,,,,What if I get the most experienced by profession?
Hobbyist,30,Male,48,, Min.   : 0.000   Female            : 778   Min.   : 16.00  ,,,,,,,,,
Hobbyist,30,Male,45,, 1st Qu.: 1.000   Male              :1406   1st Qu.: 24.00  ,,,,,,,,,
Hobbyist,30,Male,45,, Median : 3.000   Other             :  10   Median : 28.00  ,,,,,,,,,
Hobbyist,30,Male,48,, Mean   : 4.833   Prefer not to tell:  11   Mean   : 30.26  ,,,,,,,,,
Hobbyist,30,Male,45,, 3rd Qu.: 5.000                             3rd Qu.: 34.00  ,,,,,,,,,
Hobbyist,30,Male,45,, Max.   :50.000                             Max.   :100.00  ,,,,,,,,,
Hobbyist,30,Male,45,,,,,,,,,,,
Prof. developer,28,Male,52,,,,,,,,,,,
Other,26,Female,47,,,,,,,,,,,
Prof. developer,25,Male,42,,,,,,,,,,,
Prof. developer,25,Female,33,,,,,,,,,,,
Prof. developer,25,Male,42,,,,,,,,,,,
Prof. developer,25,Male,53,,,,,,,,,,,
Prof. developer,25,Male,48,,,,,,,,,,,
Prof. developer,25,Male,53,,,,,,,,,,,
Prof. developer,25,Male,53,,,,,,,,,,,
Prof. developer,25,Male,44,,,,,,,,,,,
Prof. developer,25,Male,53,,,,,,,,,,,
Prof. developer,25,Male,48,,,,,,,,,,,
Prof. developer,25,Male,25,,,,,,,,,,,
Prof. developer,25,Male,42,,,,,,,,,,,
Prof. developer,25,Male,47,,,,,,,,,,,
Hobbyist,25,Male,37,,,,,,,,,,,
Hobbyist,25,Male,38,,,,,,,,,,,
Hobbyist,25,Male,46,,,,,,,,,,,
Hobbyist,24,Male,33,,,,,,,,,,,
Prof. developer,23,Male,44,,,,,,,,,,,
Prof. developer,23,Male,44,,,,,,,,,,,
Prof. developer,23,Male,44,,,,,,,,,,,
Prof. developer,23,Male,44,,,,,,,,,,,
Prof. developer,23,Male,44,,,,,,,,,,,
Prof. developer,23,Male,44,,,,,,,,,,,
Prof. developer,23,Male,44,,,,,,,,,,,
Prof. developer,22,Female,45,,,,,,,,,,,
Prof. developer,22,Male,37,,,,,,,,,,,
Prof. developer,22,Male,38,,,,,,,,,,,
Undergrad. student,21,Female,21,,,,,,,,,,,
Prof. developer,21,Male,40,,,,,,,,,,,
Undergrad. student,20,Male,34,,,,,,,,,,,
Undergrad. student,20,Female,29,,,,,,,,,,,
Undergrad. student,20,Female,48,,,,,,,,,,,
Prof. developer,20,Male,45,,,,,,,,,,,
Prof. developer,20,Male,44,,,,,,,,,,,
Prof. developer,20,Male,43,,,,,,,,,,,
Prof. developer,20,Male,32,,,,,,,,,,,
Prof. developer,20,Male,41,,,,,,,,,,,
Prof. developer,20,Male,36,,,,,,,,,,,
Prof. developer,20,Male,38,,,,,,,,,,,
Prof. developer,20,Male,25,,,,,,,,,,,
Prof. developer,20,Male,33,,,,,,,,,,,
Prof. developer,20,Male,35,,,,,,,,,,,
Prof. developer,20,Male,43,,,,,,,,,,,
Prof. developer,20,Male,25,,,,,,,,,,,
Prof. developer,20,Male,33,,,,,,,,,,,
Prof. developer,20,Female,48,,,,,,,,,,,
Prof. developer,20,Female,31,,,,,,,,,,,
Prof. developer,20,Male,41,,,,,,,,,,,
Prof. developer,20,Female,31,,,,,,,,,,,
Prof. developer,20,Female,55,,,,,,,,,,,
Prof. developer,20,Male,38,,,,,,,,,,,
Prof. developer,20,Male,38,,,,,,,,,,,
Prof. developer,20,Male,25,,,,,,,,,,,
Prof. developer,20,Female,45,,,,,,,,,,,
Prof. developer,20,Male,42,,,,,,,,,,,
Prof. developer,20,Male,38,,,,,,,,,,,
Other,20,Male,44,,,,,,,,,,,
Other,20,Male,46,,,,,,,,,,,
Other,20,Male,35,,,,,,,,,,,
Other,20,Male,35,,,,,,,,,,,
Other,20,Female,41,,,,,,,,,,,
Other,20,Male,60,,,,,,,,,,,
Hobbyist,20,Male,45,,,,,,,,,,,
Hobbyist,20,Male,52,,,,,,,,,,,
Hobbyist,20,Male,32,,,,,,,,,,,
Hobbyist,20,Male,51,,,,,,,,,,,
Hobbyist,20,Male,41,,,,,,,,,,,
Hobbyist,20,Female,44,,,,,,,,,,,
Hobbyist,20,Male,46,,,,,,,,,,,
Hobbyist,20,Male,56,,,,,,,,,,,
Prof. developer,19,Male,31,,,,,,,,,,,
Prof. developer,18,Male,35,,,,,,,,,,,
Undergrad. student,17,Male,28,,,,,,,,,,,
Undergrad. student,17,Male,28,,,,,,,,,,,
Undergrad. student,17,Male,28,,,,,,,,,,,
Undergrad. student,17,Male,28,,,,,,,,,,,
Prof. developer,17,Male,32,,,,,,,,,,,
Prof. developer,17,Male,37,,,,,,,,,,,
Prof. developer,17,Male,39,,,,,,,,,,,
Hobbyist,17,Female,43,,,,,,,,,,,
Undergrad. student,16,Female,40,,,,,,,,,,,
Grad. student,17,Male,45,,,,,,,,,,,
Prof. developer,16,Female,40,,,,,,,,,,,
Prof. developer,16,Female,44,,,,,,,,,,,
Prof. developer,16,Female,31,,,,,,,,,,,
Hobbyist,16,Male,52,,,,,,,,,,,
Undergrad. student,15,Male,37,,,,,,,,,,,
Undergrad. student,15,Male,38,,,,,,,,,,,
Undergrad. student,15,Female,39,,,,,,,,,,,
Prof. developer,15,Male,39,,,,,,,,,,,
Prof. developer,15,Male,39,,,,,,,,,,,
Prof. developer,15,Female,40,,,,,,,,,,,
Prof. developer,15,Male,41,,,,,,,,,,,
Prof. developer,15,Female,37,,,,,,,,,,,
Prof. developer,15,Male,32,,,,,,,,,,,
Prof. developer,15,Male,35,,,,,,,,,,,
Prof. developer,15,Male,35,,,,,,,,,,,
Prof. developer,15,Female,41,,,,,,,,,,,
Prof. developer,15,Male,39,,,,,,,,,,,
Prof. developer,15,Male,32,,,,,,,,,,,
Prof. developer,15,Male,31,,,,,,,,,,,
Prof. developer,15,Female,41,,,,,,,,,,,
Prof. developer,15,Male,32,,,,,,,,,,,
Prof. developer,15,Male,41,,,,,,,,,,,
Prof. developer,15,Female,37,,,,,,,,,,,
Prof. developer,15,Male,39,,,,,,,,,,,
Prof. developer,15,Female,41,,,,,,,,,,,
Prof. developer,15,Male,46,,,,,,,,,,,
Prof. developer,15,Male,45,,,,,,,,,,,
Other,15,Male,50,,,,,,,,,,,
Other,15,Female,39,,,,,,,,,,,
Other,15,Male,42,,,,,,,,,,,
Other,15,Female,39,,,,,,,,,,,
Other,15,Male,47,,,,,,,,,,,
Hobbyist,15,Male,33,,,,,,,,,,,
Hobbyist,15,Male,66,,,,,,,,,,,
Hobbyist,15,Male,32,,,,,,,,,,,
Hobbyist,15,Male,37,,,,,,,,,,,
Hobbyist,15,Male,35,,,,,,,,,,,
Hobbyist,15,Male,32,,,,,,,,,,,
Hobbyist,15,Male,33,,,,,,,,,,,
Hobbyist,15,Male,36,,,,,,,,,,,
Hobbyist,15,Male,46,,,,,,,,,,,
Hobbyist,15,Male,35,,,,,,,,,,,
Hobbyist,15,Male,30,,,,,,,,,,,
Hobbyist,15,Male,40,,,,,,,,,,,
Hobbyist,15,Male,35,,,,,,,,,,,
Hobbyist,15,Male,32,,,,,,,,,,,
Hobbyist,15,Male,40,,,,,,,,,,,
Hobbyist,15,Female,40,,,,,,,,,,,
Hobbyist,15,Female,31,,,,,,,,,,,
Hobbyist,15,Male,32,,,,,,,,,,,
Hobbyist,15,Female,31,,,,,,,,,,,
Hobbyist,15,Male,29,,,,,,,,,,,
Hobbyist,15,Male,33,,,,,,,,,,,
Hobbyist,15,Male,31,,,,,,,,,,,
Hobbyist,15,Male,33,,,,,,,,,,,
Hobbyist,15,Female,37,,,,,,,,,,,
Hobbyist,15,Male,29,,,,,,,,,,,
Hobbyist,15,Male,29,,,,,,,,,,,
Hobbyist,15,Male,42,,,,,,,,,,,
Hobbyist,15,Male,29,,,,,,,,,,,
Hobbyist,15,Male,35,,,,,,,,,,,
Grad. student,15,Male,42,,,,,,,,,,,
Grad. student,15,Male,30,,,,,,,,,,,
Prof. developer,14,Female,36,,,,,,,,,,,
Prof. developer,14,Male,25,,,,,,,,,,,
Prof. developer,14,Male,34,,,,,,,,,,,
Prof. developer,14,Male,37,,,,,,,,,,,
Hobbyist,14,Male,32,,,,,,,,,,,
Hobbyist,14,Female,31,,,,,,,,,,,
Hobbyist,14,Male,31,,,,,,,,,,,
Hobbyist,14,Female,29,,,,,,,,,,,
Grad. student,14,Male,28,,,,,,,,,,,
Prof. developer,13,Male,42,,,,,,,,,,,
Hobbyist,13,Male,39,,,,,,,,,,,
Hobbyist,13,Male,29,,,,,,,,,,,
Hobbyist,13,Male,29,,,,,,,,,,,
Hobbyist,13,Male,29,,,,,,,,,,,
Hobbyist,13,Female,31,,,,,,,,,,,
Grad. student,13,Male,28,,,,,,,,,,,
Prof. developer,12,Male,30,,,,,,,,,,,
Prof. developer,12,Male,31,,,,,,,,,,,
Prof. developer,12,Male,32,,,,,,,,,,,
Prof. developer,12,Male,32,,,,,,,,,,,
Prof. developer,12,Female,29,,,,,,,,,,,
Prof. developer,12,Male,34,,,,,,,,,,,
Prof. developer,12,Female,42,,,,,,,,,,,
Prof. developer,12,Male,27,,,,,,,,,,,
Prof. developer,12,Male,32,,,,,,,,,,,
Prof. developer,12,Male,30,,,,,,,,,,,
Prof. developer,12,Male,32,,,,,,,,,,,
Prof. developer,12,Male,35,,,,,,,,,,,
Prof. developer,12,Male,29,,,,,,,,,,,
Prof. developer,12,Female,28,,,,,,,,,,,
Prof. developer,12,Male,25,,,,,,,,,,,
Prof. developer,12,Male,32,,,,,,,,,,,
Prof. developer,12,Male,27,,,,,,,,,,,
Prof. developer,12,Female,29,,,,,,,,,,,
Prof. developer,12,Male,30,,,,,,,,,,,
Prof. developer,12,Male,30,,,,,,,,,,,
Prof. developer,12,Male,32,,,,,,,,,,,
Other,12,Female,33,,,,,,,,,,,
Other,12,Female,42,,,,,,,,,,,
Other,12,Male,29,,,,,,,,,,,
Hobbyist,12,Female,38,,,,,,,,,,,
Hobbyist,12,Female,54,,,,,,,,,,,
Hobbyist,12,Male,30,,,,,,,,,,,
Hobbyist,12,Male,28,,,,,,,,,,,
Hobbyist,12,Male,28,,,,,,,,,,,
Hobbyist,12,Female,32,,,,,,,,,,,
Hobbyist,12,Male,36,,,,,,,,,,,
Hobbyist,12,Male,31,,,,,,,,,,,
Hobbyist,12,Male,31,,,,,,,,,,,
Grad. student,12,Male,40,,,,,,,,,,,
Grad. student,12,Male,28,,,,,,,,,,,
Grad. student,12,Male,34,,,,,,,,,,,
Prof. developer,11,Female,29,,,,,,,,,,,
Prof. developer,11,Male,39,,,,,,,,,,,
Prof. developer,11,Male,34,,,,,,,,,,,
Undergrad. student,10,Female,28,,,,,,,,,,,
Undergrad. student,10,Female,28,,,,,,,,,,,
Undergrad. student,10,Male,43,,,,,,,,,,,
Undergrad. student,10,Male,37,,,,,,,,,,,
Undergrad. student,10,Male,20,,,,,,,,,,,
Undergrad. student,10,Female,25,,,,,,,,,,,
Undergrad. student,10,Female,40,,,,,,,,,,,
Undergrad. student,10,Female,21,,,,,,,,,,,
Undergrad. student,10,Male,26,,,,,,,,,,,
Prof. developer,10,Male,35,,,,,,,,,,,
Prof. developer,10,Male,32,,,,,,,,,,,
Prof. developer,10,Male,42,,,,,,,,,,,
Prof. developer,10,Female,31,,,,,,,,,,,
Prof. developer,10,Female,37,,,,,,,,,,,
Prof. developer,10,Male,30,,,,,,,,,,,
Prof. developer,10,Male,36,,,,,,,,,,,
Prof. developer,10,Male,47,,,,,,,,,,,
Prof. developer,10,Male,40,,,,,,,,,,,
Prof. developer,10,Male,30,,,,,,,,,,,
Prof. developer,10,Male,31,,,,,,,,,,,
Prof. developer,10,Male,33,,,,,,,,,,,
Prof. developer,10,Male,55,,,,,,,,,,,
Prof. developer,10,Male,40,,,,,,,,,,,
Prof. developer,10,Male,33,,,,,,,,,,,
Prof. developer,10,Female,33,,,,,,,,,,,
Prof. developer,10,Male,35,,,,,,,,,,,
Prof. developer,10,Male,40,,,,,,,,,,,
Prof. developer,10,Male,30,,,,,,,,,,,
Prof. developer,10,Male,29,,,,,,,,,,,
Prof. developer,10,Male,32,,,,,,,,,,,
Prof. developer,10,Male,32,,,,,,,,,,,
Prof. developer,10,Male,27,,,,,,,,,,,
Prof. developer,10,Male,36,,,,,,,,,,,
Prof. developer,10,Female,25,,,,,,,,,,,
Prof. developer,10,Male,33,,,,,,,,,,,
Prof. developer,10,Male,32,,,,,,,,,,,
Prof. developer,10,Male,33,,,,,,,,,,,
Prof. developer,10,Male,31,,,,,,,,,,,
Prof. developer,10,Male,33,,,,,,,,,,,
Prof. developer,10,Female,40,,,,,,,,,,,
Prof. developer,10,Male,33,,,,,,,,,,,
Prof. developer,10,Male,43,,,,,,,,,,,
Prof. developer,10,Male,47,,,,,,,,,,,
Prof. developer,10,Male,33,,,,,,,,,,,
Prof. developer,10,Male,33,,,,,,,,,,,
Prof. developer,10,Male,32,,,,,,,,,,,
Prof. developer,10,Male,35,,,,,,,,,,,
Prof. developer,10,Male,30,,,,,,,,,,,
Prof. developer,10,Female,40,,,,,,,,,,,
Prof. developer,10,Male,30,,,,,,,,,,,
Prof. developer,10,Male,31,,,,,,,,,,,
Prof. developer,10,Female,33,,,,,,,,,,,
Prof. developer,10,Male,37,,,,,,,,,,,
Prof. developer,10,Male,33,,,,,,,,,,,
Prof. developer,10,Male,52,,,,,,,,,,,
Prof. developer,10,Male,40,,,,,,,,,,,
Other,10,Male,39,,,,,,,,,,,
Other,10,Female,30,,,,,,,,,,,
Other,10,Female,27,,,,,,,,,,,
Other,10,Female,27,,,,,,,,,,,
Other,10,Male,28,,,,,,,,,,,
Other,10,Male,35,,,,,,,,,,,
Other,10,Male,39,,,,,,,,,,,
Other,10,Female,33,,,,,,,,,,,
Other,10,Male,53,,,,,,,,,,,
Hobbyist,10,Male,27,,,,,,,,,,,
Hobbyist,10,Male,41,,,,,,,,,,,
Hobbyist,10,Male,38,,,,,,,,,,,
Hobbyist,10,Male,28,,,,,,,,,,,
Hobbyist,10,Male,34,,,,,,,,,,,
Hobbyist,10,Female,30,,,,,,,,,,,
Hobbyist,10,Male,29,,,,,,,,,,,
Hobbyist,10,Male,51,,,,,,,,,,,
Hobbyist,10,Male,28,,,,,,,,,,,
Hobbyist,10,Male,23,,,,,,,,,,,
Hobbyist,10,Male,29,,,,,,,,,,,
Hobbyist,10,Female,30,,,,,,,,,,,
Hobbyist,10,Male,29,,,,,,,,,,,
Hobbyist,10,Male,29,,,,,,,,,,,
Hobbyist,10,Male,28,,,,,,,,,,,
Hobbyist,10,Male,59,,,,,,,,,,,
Hobbyist,10,Male,37,,,,,,,,,,,
Hobbyist,10,Prefer not to tell,34,,,,,,,,,,,
Hobbyist,10,Male,26,,,,,,,,,,,
Hobbyist,10,Male,30,,,,,,,,,,,
Hobbyist,10,Male,43,,,,,,,,,,,
Hobbyist,10,Male,28,,,,,,,,,,,
Hobbyist,10,Male,29,,,,,,,,,,,
Hobbyist,10,Male,42,,,,,,,,,,,
Hobbyist,10,Male,31,,,,,,,,,,,
Hobbyist,10,Male,43,,,,,,,,,,,
Hobbyist,10,Male,34,,,,,,,,,,,
Hobbyist,10,Female,32,,,,,,,,,,,
Hobbyist,10,Female,31,,,,,,,,,,,
Hobbyist,10,Female,48,,,,,,,,,,,
Hobbyist,10,Male,32,,,,,,,,,,,
Hobbyist,10,Male,29,,,,,,,,,,,
Hobbyist,10,Female,42,,,,,,,,,,,
Hobbyist,10,Male,30,,,,,,,,,,,
Hobbyist,10,Male,26,,,,,,,,,,,
Hobbyist,10,Female,30,,,,,,,,,,,
Hobbyist,10,Male,44,,,,,,,,,,,
Hobbyist,10,Female,53,,,,,,,,,,,
Hobbyist,10,Male,29,,,,,,,,,,,
Hobbyist,10,Male,44,,,,,,,,,,,
Hobbyist,10,Female,28,,,,,,,,,,,
Hobbyist,10,Male,28,,,,,,,,,,,
Hobbyist,10,Female,44,,,,,,,,,,,
Hobbyist,10,Male,34,,,,,,,,,,,
Hobbyist,10,Male,32,,,,,,,,,,,
Grad. student,10,Male,29,,,,,,,,,,,
Grad. student,10,Male,30,,,,,,,,,,,
Grad. student,10,Male,29,,,,,,,,,,,
Grad. student,10,Male,36,,,,,,,,,,,
Grad. student,10,Male,27,,,,,,,,,,,
Grad. student,10,Male,31,,,,,,,,,,,
Grad. student,10,Male,25,,,,,,,,,,,
Grad. student,10,Female,26,,,,,,,,,,,
Undergrad. student,9,Male,27,,,,,,,,,,,
Undergrad. student,9,Male,27,,,,,,,,,,,
Undergrad. student,9,Female,22,,,,,,,,,,,
Undergrad. student,9,Male,22,,,,,,,,,,,
Prof. developer,9,Male,25,,,,,,,,,,,
Prof. developer,9,Female,33,,,,,,,,,,,
Prof. developer,9,Male,27,,,,,,,,,,,
Prof. developer,9,Female,33,,,,,,,,,,,
Prof. developer,9,Female,33,,,,,,,,,,,
Prof. developer,9,Female,33,,,,,,,,,,,
Prof. developer,9,Female,33,,,,,,,,,,,
Prof. developer,9,Female,33,,,,,,,,,,,
Prof. developer,9,Female,33,,,,,,,,,,,
Prof. developer,9,Female,33,,,,,,,,,,,
Hobbyist,9,Male,28,,,,,,,,,,,
Hobbyist,9,Male,30,,,,,,,,,,,
Hobbyist,9,Female,37,,,,,,,,,,,
Hobbyist,9,Female,37,,,,,,,,,,,
Grad. student,9,Male,32,,,,,,,,,,,
Grad. student,9,Male,27,,,,,,,,,,,
Grad. student,9,Male,26,,,,,,,,,,,
Undergrad. student,8,Male,20,,,,,,,,,,,
Undergrad. student,8,Male,20,,,,,,,,,,,
Undergrad. student,8,Male,20,,,,,,,,,,,
Undergrad. student,8,Male,24,,,,,,,,,,,
Prof. developer,8,Female,28,,,,,,,,,,,
Prof. developer,8,Female,33,,,,,,,,,,,
Prof. developer,8,Female,31,,,,,,,,,,,
Prof. developer,8,Male,40,,,,,,,,,,,
Prof. developer,8,Male,33,,,,,,,,,,,
Prof. developer,8,Male,29,,,,,,,,,,,
Prof. developer,8,Male,35,,,,,,,,,,,
Prof. developer,8,Male,26,,,,,,,,,,,
Prof. developer,8,Male,25,,,,,,,,,,,
Prof. developer,8,Male,37,,,,,,,,,,,
Prof. developer,8,Female,27,,,,,,,,,,,
Prof. developer,8,Female,32,,,,,,,,,,,
Prof. developer,8,Male,29,,,,,,,,,,,
Prof. developer,8,Male,29,,,,,,,,,,,
Prof. developer,8,Male,31,,,,,,,,,,,
Prof. developer,8,Male,33,,,,,,,,,,,
Prof. developer,8,Male,30,,,,,,,,,,,
Other,8,Male,33,,,,,,,,,,,
Other,8,Male,33,,,,,,,,,,,
Other,8,Male,33,,,,,,,,,,,
Hobbyist,8,Male,31,,,,,,,,,,,
Hobbyist,8,Male,30,,,,,,,,,,,
Hobbyist,8,Male,28,,,,,,,,,,,
Hobbyist,8,Male,27,,,,,,,,,,,
Hobbyist,8,Male,30,,,,,,,,,,,
Hobbyist,8,Male,24,,,,,,,,,,,
Hobbyist,8,Female,37,,,,,,,,,,,
Hobbyist,8,Male,50,,,,,,,,,,,
Hobbyist,8,Male,26,,,,,,,,,,,
Hobbyist,8,Male,18,,,,,,,,,,,
Hobbyist,8,Male,25,,,,,,,,,,,
Hobbyist,8,Female,26,,,,,,,,,,,
Hobbyist,8,Male,19,,,,,,,,,,,
Hobbyist,8,Male,32,,,,,,,,,,,
Hobbyist,8,Male,36,,,,,,,,,,,
Hobbyist,8,Male,28,,,,,,,,,,,
Hobbyist,8,Female,37,,,,,,,,,,,
Hobbyist,8,Female,30,,,,,,,,,,,
Grad. student,8,Male,25,,,,,,,,,,,
Grad. student,8,Male,26,,,,,,,,,,,
Grad. student,8,Male,26,,,,,,,,,,,
Grad. student,8,Male,28,,,,,,,,,,,
Grad. student,8,Male,24,,,,,,,,,,,
Grad. student,8,Female,26,,,,,,,,,,,
Grad. student,8,Female,30,,,,,,,,,,,
Undergrad. student,7,Male,23,,,,,,,,,,,
Undergrad. student,7,Male,21,,,,,,,,,,,
Undergrad. student,7,Male,47,,,,,,,,,,,
Undergrad. student,7,Male,24,,,,,,,,,,,
Undergrad. student,7,Female,23,,,,,,,,,,,
Undergrad. student,7,Female,26,,,,,,,,,,,
Undergrad. student,7,Male,26,,,,,,,,,,,
Undergrad. student,7,Male,26,,,,,,,,,,,
Prof. developer,7,Male,36,,,,,,,,,,,
Prof. developer,7,Female,32,,,,,,,,,,,
Prof. developer,7,Male,36,,,,,,,,,,,
Prof. developer,7,Male,35,,,,,,,,,,,
Prof. developer,7,Male,27,,,,,,,,,,,
Prof. developer,7,Male,28,,,,,,,,,,,
Prof. developer,7,Male,36,,,,,,,,,,,
Prof. developer,7,Male,35,,,,,,,,,,,
Prof. developer,7,Male,24,,,,,,,,,,,
Prof. developer,7,Male,35,,,,,,,,,,,
Prof. developer,7,Male,28,,,,,,,,,,,
Prof. developer,7,Female,27,,,,,,,,,,,
Prof. developer,7,Male,28,,,,,,,,,,,
Other,7,Male,28,,,,,,,,,,,
Other,7,Female,22,,,,,,,,,,,
Other,7,Female,42,,,,,,,,,,,
Hobbyist,7,Male,29,,,,,,,,,,,
Hobbyist,7,Male,29,,,,,,,,,,,
Hobbyist,7,Male,36,,,,,,,,,,,
Hobbyist,7,Male,24,,,,,,,,,,,
Grad. student,7,Male,25,,,,,,,,,,,
Grad. student,7,Male,21,,,,,,,,,,,
Grad. student,7,Female,25,,,,,,,,,,,
Grad. student,7,Female,28,,,,,,,,,,,
Grad. student,7,Female,33,,,,,,,,,,,
Grad. student,7,Male,24,,,,,,,,,,,
Grad. student,7,Female,31,,,,,,,,,,,
Undergrad. student,6,Male,23,,,,,,,,,,,
Undergrad. student,6,Male,21,,,,,,,,,,,
Undergrad. student,6,Male,26,,,,,,,,,,,
Undergrad. student,6,Male,21,,,,,,,,,,,
Undergrad. student,6,Male,20,,,,,,,,,,,
Undergrad. student,6,Male,26,,,,,,,,,,,
Undergrad. student,6,Male,22,,,,,,,,,,,
Undergrad. student,6,Female,39,,,,,,,,,,,
Undergrad. student,6,Male,31,,,,,,,,,,,
Undergrad. student,6,Male,21,,,,,,,,,,,
Undergrad. student,6,Male,24,,,,,,,,,,,
Prof. developer,6,Female,31,,,,,,,,,,,
Prof. developer,6,Male,26,,,,,,,,,,,
Prof. developer,6,Male,23,,,,,,,,,,,
Prof. developer,6,Female,29,,,,,,,,,,,
Prof. developer,6,Male,30,,,,,,,,,,,
Prof. developer,6,Male,38,,,,,,,,,,,
Prof. developer,6,Male,25,,,,,,,,,,,
Prof. developer,6,Male,31,,,,,,,,,,,
Prof. developer,6,Female,31,,,,,,,,,,,
Prof. developer,6,Male,30,,,,,,,,,,,
Prof. developer,6,Male,24,,,,,,,,,,,
Prof. developer,6,Male,35,,,,,,,,,,,
Prof. developer,6,Male,23,,,,,,,,,,,
Prof. developer,6,Female,27,,,,,,,,,,,
Prof. developer,6,Male,23,,,,,,,,,,,
Prof. developer,6,Female,31,,,,,,,,,,,
Prof. developer,6,Female,31,,,,,,,,,,,
Prof. developer,6,Female,29,,,,,,,,,,,
Prof. developer,6,Female,38,,,,,,,,,,,
Prof. developer,6,Female,28,,,,,,,,,,,
Prof. developer,6,Male,25,,,,,,,,,,,
Prof. developer,6,Female,31,,,,,,,,,,,
Prof. developer,6,Male,25,,,,,,,,,,,
Other,6,Male,30,,,,,,,,,,,
Other,6,Male,30,,,,,,,,,,,
Other,6,Female,44,,,,,,,,,,,
Other,6,Male,24,,,,,,,,,,,
Other,6,Female,34,,,,,,,,,,,
Hobbyist,6,Male,28,,,,,,,,,,,
Hobbyist,6,Male,49,,,,,,,,,,,
Hobbyist,6,Male,47,,,,,,,,,,,
Hobbyist,6,Female,28,,,,,,,,,,,
Hobbyist,6,Male,36,,,,,,,,,,,
Hobbyist,6,Male,43,,,,,,,,,,,
Hobbyist,6,Male,50,,,,,,,,,,,
Hobbyist,6,Male,32,,,,,,,,,,,
Hobbyist,6,Male,33,,,,,,,,,,,
Hobbyist,6,Male,27,,,,,,,,,,,
Hobbyist,6,Male,33,,,,,,,,,,,
Hobbyist,6,Female,25,,,,,,,,,,,
Hobbyist,6,Female,49,,,,,,,,,,,
Hobbyist,6,Female,52,,,,,,,,,,,
Hobbyist,6,Female,39,,,,,,,,,,,
Hobbyist,6,Male,35,,,,,,,,,,,
Hobbyist,6,Male,49,,,,,,,,,,,
Hobbyist,6,Male,32,,,,,,,,,,,
Grad. student,6,Male,24,,,,,,,,,,,
Grad. student,6,Male,27,,,,,,,,,,,
Grad. student,6,Female,32,,,,,,,,,,,
Grad. student,6,Female,33,,,,,,,,,,,
Grad. student,6,Male,26,,,,,,,,,,,
Grad. student,6,Female,24,,,,,,,,,,,
Grad. student,6,Male,22,,,,,,,,,,,
Grad. student,6,Male,25,,,,,,,,,,,
Grad. student,6,Male,23,,,,,,,,,,,
Grad. student,6,Male,26,,,,,,,,,,,
Grad. student,6,Female,27,,,,,,,,,,,
Grad. student,6,Male,47,,,,,,,,,,,
Grad. student,6,Male,31,,,,,,,,,,,
Grad. student,6,Male,23,,,,,,,,,,,
Grad. student,6,Female,45,,,,,,,,,,,
Grad. student,6,Male,24,,,,,,,,,,,
Undergrad. student,5,Female,36,,,,,,,,,,,
Undergrad. student,5,Male,26,,,,,,,,,,,
Undergrad. student,5,Female,40,,,,,,,,,,,
Undergrad. student,5,Male,33,,,,,,,,,,,
Undergrad. student,5,Female,36,,,,,,,,,,,
Undergrad. student,5,Male,23,,,,,,,,,,,
Undergrad. student,5,Other,28,,,,,,,,,,,
Undergrad. student,5,Male,35,,,,,,,,,,,
Undergrad. student,5,Male,24,,,,,,,,,,,
Undergrad. student,5,Male,20,,,,,,,,,,,
Undergrad. student,5,Male,45,,,,,,,,,,,
Undergrad. student,5,Male,25,,,,,,,,,,,
Undergrad. student,5,Female,24,,,,,,,,,,,
Undergrad. student,5,Female,23,,,,,,,,,,,
Undergrad. student,5,Male,22,,,,,,,,,,,
Undergrad. student,5,Male,20,,,,,,,,,,,
Undergrad. student,5,Male,32,,,,,,,,,,,
Undergrad. student,5,Male,50,,,,,,,,,,,
Undergrad. student,5,Male,28,,,,,,,,,,,
Undergrad. student,5,Female,40,,,,,,,,,,,
Undergrad. student,5,Female,23,,,,,,,,,,,
Undergrad. student,5,Female,23,,,,,,,,,,,
Undergrad. student,5,Male,35,,,,,,,,,,,
Undergrad. student,5,Female,23,,,,,,,,,,,
Undergrad. student,5,Male,29,,,,,,,,,,,
Undergrad. student,5,Male,22,,,,,,,,,,,
Undergrad. student,5,Male,19,,,,,,,,,,,
Undergrad. student,5,Female,24,,,,,,,,,,,
Undergrad. student,5,Male,32,,,,,,,,,,,
Undergrad. student,5,Female,18,,,,,,,,,,,
Undergrad. student,5,Male,21,,,,,,,,,,,
Undergrad. student,5,Male,20,,,,,,,,,,,
Prof. developer,5,Male,36,,,,,,,,,,,
Prof. developer,5,Male,33,,,,,,,,,,,
Prof. developer,5,Male,29,,,,,,,,,,,
Prof. developer,5,Male,29,,,,,,,,,,,
Prof. developer,5,Male,30,,,,,,,,,,,
Prof. developer,5,Male,29,,,,,,,,,,,
Prof. developer,5,Male,26,,,,,,,,,,,
Prof. developer,5,Male,29,,,,,,,,,,,
Prof. developer,5,Female,29,,,,,,,,,,,
Prof. developer,5,Male,25,,,,,,,,,,,
Prof. developer,5,Female,31,,,,,,,,,,,
Prof. developer,5,Male,33,,,,,,,,,,,
Prof. developer,5,Male,25,,,,,,,,,,,
Prof. developer,5,Male,29,,,,,,,,,,,
Prof. developer,5,Male,29,,,,,,,,,,,
Prof. developer,5,Male,27,,,,,,,,,,,
Prof. developer,5,Male,27,,,,,,,,,,,
Prof. developer,5,Male,38,,,,,,,,,,,
Prof. developer,5,Male,30,,,,,,,,,,,
Prof. developer,5,Male,28,,,,,,,,,,,
Prof. developer,5,Male,32,,,,,,,,,,,
Prof. developer,5,Female,23,,,,,,,,,,,
Prof. developer,5,Female,30,,,,,,,,,,,
Prof. developer,5,Male,37,,,,,,,,,,,
Prof. developer,5,Male,32,,,,,,,,,,,
Prof. developer,5,Male,30,,,,,,,,,,,
Prof. developer,5,Female,30,,,,,,,,,,,
Prof. developer,5,Male,40,,,,,,,,,,,
Prof. developer,5,Male,29,,,,,,,,,,,
Prof. developer,5,Female,30,,,,,,,,,,,
Prof. developer,5,Male,31,,,,,,,,,,,
Prof. developer,5,Male,22,,,,,,,,,,,
Prof. developer,5,Male,25,,,,,,,,,,,
Prof. developer,5,Male,26,,,,,,,,,,,
Prof. developer,5,Male,29,,,,,,,,,,,
Prof. developer,5,Male,29,,,,,,,,,,,
Prof. developer,5,Male,24,,,,,,,,,,,
Prof. developer,5,Male,52,,,,,,,,,,,
Prof. developer,5,Male,36,,,,,,,,,,,
Prof. developer,5,Female,29,,,,,,,,,,,
Prof. developer,5,Male,40,,,,,,,,,,,
Prof. developer,5,Female,33,,,,,,,,,,,
Prof. developer,5,Male,56,,,,,,,,,,,
Prof. developer,5,Male,32,,,,,,,,,,,
Prof. developer,5,Male,37,,,,,,,,,,,
Prof. developer,5,Male,28,,,,,,,,,,,
Prof. developer,5,Male,25,,,,,,,,,,,
Prof. developer,5,Female,30,,,,,,,,,,,
Prof. developer,5,Female,22,,,,,,,,,,,
Prof. developer,5,Male,31,,,,,,,,,,,
Prof. developer,5,Male,25,,,,,,,,,,,
Prof. developer,5,Female,55,,,,,,,,,,,
Prof. developer,5,Female,32,,,,,,,,,,,
Prof. developer,5,Male,29,,,,,,,,,,,
Prof. developer,5,Female,29,,,,,,,,,,,
Prof. developer,5,Male,28,,,,,,,,,,,
Prof. developer,5,Male,27,,,,,,,,,,,
Prof. developer,5,Male,29,,,,,,,,,,,
Prof. developer,5,Male,32,,,,,,,,,,,
Prof. developer,5,Male,34,,,,,,,,,,,
Prof. developer,5,Male,26,,,,,,,,,,,
Prof. developer,5,Male,32,,,,,,,,,,,
Prof. developer,5,Male,35,,,,,,,,,,,
Other,5,Male,38,,,,,,,,,,,
Other,5,Male,60,,,,,,,,,,,
Other,5,Male,34,,,,,,,,,,,
Other,5,Female,29,,,,,,,,,,,
Other,5,Female,36,,,,,,,,,,,
Other,5,Male,31,,,,,,,,,,,
Hobbyist,5,Male,28,,,,,,,,,,,
Hobbyist,5,Male,21,,,,,,,,,,,
Hobbyist,5,Male,32,,,,,,,,,,,
Hobbyist,5,Male,33,,,,,,,,,,,
Hobbyist,5,Male,35,,,,,,,,,,,
Hobbyist,5,Male,30,,,,,,,,,,,
Hobbyist,5,Female,33,,,,,,,,,,,
Hobbyist,5,Male,34,,,,,,,,,,,
Hobbyist,5,Male,34,,,,,,,,,,,
Hobbyist,5,Male,29,,,,,,,,,,,
Hobbyist,5,Male,35,,,,,,,,,,,
Hobbyist,5,Male,35,,,,,,,,,,,
Hobbyist,5,Female,31,,,,,,,,,,,
Hobbyist,5,Male,30,,,,,,,,,,,
Hobbyist,5,Male,47,,,,,,,,,,,
Hobbyist,5,Male,29,,,,,,,,,,,
Hobbyist,5,Female,25,,,,,,,,,,,
Hobbyist,5,Female,34,,,,,,,,,,,
Hobbyist,5,Male,33,,,,,,,,,,,
Hobbyist,5,Female,25,,,,,,,,,,,
Hobbyist,5,Male,37,,,,,,,,,,,
Hobbyist,5,Male,64,,,,,,,,,,,
Hobbyist,5,Male,32,,,,,,,,,,,
Hobbyist,5,Female,38,,,,,,,,,,,
Hobbyist,5,Female,41,,,,,,,,,,,
Hobbyist,5,Male,27,,,,,,,,,,,
Hobbyist,5,Female,37,,,,,,,,,,,
Hobbyist,5,Female,29,,,,,,,,,,,
Hobbyist,5,Male,27,,,,,,,,,,,
Hobbyist,5,Male,24,,,,,,,,,,,
Hobbyist,5,Male,29,,,,,,,,,,,
Hobbyist,5,Male,33,,,,,,,,,,,
Hobbyist,5,Male,27,,,,,,,,,,,
Hobbyist,5,Female,27,,,,,,,,,,,
Hobbyist,5,Male,56,,,,,,,,,,,
Hobbyist,5,Male,24,,,,,,,,,,,
Hobbyist,5,Male,32,,,,,,,,,,,
Hobbyist,5,Male,36,,,,,,,,,,,
Hobbyist,5,Female,25,,,,,,,,,,,
Hobbyist,5,Male,29,,,,,,,,,,,
Hobbyist,5,Male,56,,,,,,,,,,,
Hobbyist,5,Male,36,,,,,,,,,,,
Hobbyist,5,Female,40,,,,,,,,,,,
Hobbyist,5,Male,34,,,,,,,,,,,
Hobbyist,5,Female,31,,,,,,,,,,,
Hobbyist,5,Male,29,,,,,,,,,,,
Hobbyist,5,Female,24,,,,,,,,,,,
Hobbyist,5,Male,29,,,,,,,,,,,
Hobbyist,5,Male,29,,,,,,,,,,,
Hobbyist,5,Male,36,,,,,,,,,,,
Hobbyist,5,Male,28,,,,,,,,,,,
Hobbyist,5,Male,35,,,,,,,,,,,
Hobbyist,5,Male,36,,,,,,,,,,,
Hobbyist,5,Female,40,,,,,,,,,,,
Hobbyist,5,Male,55,,,,,,,,,,,
Hobbyist,5,Male,36,,,,,,,,,,,
Hobbyist,5,Female,59,,,,,,,,,,,
Hobbyist,5,Female,56,,,,,,,,,,,
Hobbyist,5,Male,38,,,,,,,,,,,
Hobbyist,5,Male,23,,,,,,,,,,,
Grad. student,5,Male,29,,,,,,,,,,,
Grad. student,5,Male,32,,,,,,,,,,,
Grad. student,5,Male,22,,,,,,,,,,,
Grad. student,5,Male,21,,,,,,,,,,,
Grad. student,5,Female,23,,,,,,,,,,,
Grad. student,5,Male,25,,,,,,,,,,,
Grad. student,5,Female,27,,,,,,,,,,,
Grad. student,5,Male,26,,,,,,,,,,,
Grad. student,5,Male,26,,,,,,,,,,,
Grad. student,5,Male,24,,,,,,,,,,,
Grad. student,5,Female,23,,,,,,,,,,,
Grad. student,5,Male,37,,,,,,,,,,,
Grad. student,5,Male,28,,,,,,,,,,,
Grad. student,5,Male,44,,,,,,,,,,,
Grad. student,5,Male,25,,,,,,,,,,,
Grad. student,5,Male,24,,,,,,,,,,,
Grad. student,5,Female,25,,,,,,,,,,,
Grad. student,5,Male,29,,,,,,,,,,,
Grad. student,5,Male,25,,,,,,,,,,,
Grad. student,5,Male,25,,,,,,,,,,,
Grad. student,5,Female,27,,,,,,,,,,,
Grad. student,5,Female,25,,,,,,,,,,,
Grad. student,5,Male,25,,,,,,,,,,,
Grad. student,5,Male,26,,,,,,,,,,,
Grad. student,5,Male,25,,,,,,,,,,,
Grad. student,5,Male,26,,,,,,,,,,,
Grad. student,5,Male,26,,,,,,,,,,,
Grad. student,5,Male,32,,,,,,,,,,,
Grad. student,5,Male,22,,,,,,,,,,,
Grad. student,5,Female,35,,,,,,,,,,,
Grad. student,5,Male,26,,,,,,,,,,,
Grad. student,5,Male,35,,,,,,,,,,,
Grad. student,5,Male,25,,,,,,,,,,,
Grad. student,5,Male,25,,,,,,,,,,,
Grad. student,5,Female,38,,,,,,,,,,,
Grad. student,5,Female,26,,,,,,,,,,,
Grad. student,5,Male,35,,,,,,,,,,,
Grad. student,5,Female,27,,,,,,,,,,,
Grad. student,5,Female,24,,,,,,,,,,,
Grad. student,5,Female,27,,,,,,,,,,,
Grad. student,5,Male,41,,,,,,,,,,,
Grad. student,5,Male,30,,,,,,,,,,,
Grad. student,5,Female,42,,,,,,,,,,,
Grad. student,5,Female,32,,,,,,,,,,,
Grad. student,5,Male,30,,,,,,,,,,,
Grad. student,5,Female,26,,,,,,,,,,,
Grad. student,5,Female,29,,,,,,,,,,,
Grad. student,5,Male,27,,,,,,,,,,,
Undergrad. student,4,Female,27,,,,,,,,,,,
Undergrad. student,4,Female,28,,,,,,,,,,,
Undergrad. student,4,Male,23,,,,,,,,,,,
Undergrad. student,4,Male,25,,,,,,,,,,,
Undergrad. student,4,Female,23,,,,,,,,,,,
Undergrad. student,4,Male,30,,,,,,,,,,,
Undergrad. student,4,Female,19,,,,,,,,,,,
Undergrad. student,4,Male,19,,,,,,,,,,,
Undergrad. student,4,Male,18,,,,,,,,,,,
Undergrad. student,4,Female,53,,,,,,,,,,,
Undergrad. student,4,Female,31,,,,,,,,,,,
Undergrad. student,4,Male,21,,,,,,,,,,,
Undergrad. student,4,Female,27,,,,,,,,,,,
Undergrad. student,4,Male,35,,,,,,,,,,,
Undergrad. student,4,Male,25,,,,,,,,,,,
Undergrad. student,4,Male,23,,,,,,,,,,,
Undergrad. student,4,Male,33,,,,,,,,,,,
Undergrad. student,4,Male,36,,,,,,,,,,,
Undergrad. student,4,Female,27,,,,,,,,,,,
Undergrad. student,4,Female,27,,,,,,,,,,,
Undergrad. student,4,Male,23,,,,,,,,,,,
Undergrad. student,4,Female,24,,,,,,,,,,,
Undergrad. student,4,Male,20,,,,,,,,,,,
Undergrad. student,4,Male,23,,,,,,,,,,,
Undergrad. student,4,Male,29,,,,,,,,,,,
Undergrad. student,4,Female,32,,,,,,,,,,,
Undergrad. student,4,Female,18,,,,,,,,,,,
Undergrad. student,4,Male,19,,,,,,,,,,,
Undergrad. student,4,Male,20,,,,,,,,,,,
Undergrad. student,4,Male,27,,,,,,,,,,,
Undergrad. student,4,Male,20,,,,,,,,,,,
Undergrad. student,4,Male,49,,,,,,,,,,,
Undergrad. student,4,Male,22,,,,,,,,,,,
Undergrad. student,4,Male,19,,,,,,,,,,,
Undergrad. student,4,Female,32,,,,,,,,,,,
Undergrad. student,4,Male,25,,,,,,,,,,,
Undergrad. student,4,Male,20,,,,,,,,,,,
Undergrad. student,4,Male,24,,,,,,,,,,,
Undergrad. student,4,Female,23,,,,,,,,,,,
Undergrad. student,4,Male,27,,,,,,,,,,,
Undergrad. student,4,Male,24,,,,,,,,,,,
Undergrad. student,4,Male,24,,,,,,,,,,,
Undergrad. student,4,Female,34,,,,,,,,,,,
Prof. developer,4,Female,22,,,,,,,,,,,
Prof. developer,4,Male,25,,,,,,,,,,,
Prof. developer,4,Female,21,,,,,,,,,,,
Prof. developer,4,Male,25,,,,,,,,,,,
Prof. developer,4,Male,32,,,,,,,,,,,
Prof. developer,4,Female,27,,,,,,,,,,,
Prof. developer,4,Male,24,,,,,,,,,,,
Prof. developer,4,Male,30,,,,,,,,,,,
Prof. developer,4,Male,32,,,,,,,,,,,
Prof. developer,4,Male,32,,,,,,,,,,,
Prof. developer,4,Female,25,,,,,,,,,,,
Prof. developer,4,Male,22,,,,,,,,,,,
Prof. developer,4,Male,29,,,,,,,,,,,
Prof. developer,4,Male,25,,,,,,,,,,,
Prof. developer,4,Male,23,,,,,,,,,,,
Prof. developer,4,Male,29,,,,,,,,,,,
Prof. developer,4,Male,24,,,,,,,,,,,
Prof. developer,4,Male,33,,,,,,,,,,,
Prof. developer,4,Male,29,,,,,,,,,,,
Prof. developer,4,Female,36,,,,,,,,,,,
Prof. developer,4,Male,26,,,,,,,,,,,
Prof. developer,4,Male,41,,,,,,,,,,,
Prof. developer,4,Male,36,,,,,,,,,,,
Prof. developer,4,Male,25,,,,,,,,,,,
Prof. developer,4,Female,34,,,,,,,,,,,
Prof. developer,4,Male,28,,,,,,,,,,,
Prof. developer,4,Female,22,,,,,,,,,,,
Prof. developer,4,Male,23,,,,,,,,,,,
Prof. developer,4,Female,27,,,,,,,,,,,
Prof. developer,4,Male,30,,,,,,,,,,,
Prof. developer,4,Male,25,,,,,,,,,,,
Prof. developer,4,Female,25,,,,,,,,,,,
Prof. developer,4,Male,27,,,,,,,,,,,
Prof. developer,4,Male,26,,,,,,,,,,,
Prof. developer,4,Male,29,,,,,,,,,,,
Prof. developer,4,Female,25,,,,,,,,,,,
Prof. developer,4,Male,27,,,,,,,,,,,
Prof. developer,4,Male,25,,,,,,,,,,,
Prof. developer,4,Female,29,,,,,,,,,,,
Other,4,Female,44,,,,,,,,,,,
Other,4,Male,34,,,,,,,,,,,
Other,4,Male,24,,,,,,,,,,,
Other,4,Female,29,,,,,,,,,,,
Other,4,Female,24,,,,,,,,,,,
Other,4,Male,28,,,,,,,,,,,
Other,4,Male,31,,,,,,,,,,,
Other,4,Male,41,,,,,,,,,,,
Hobbyist,4,Male,30,,,,,,,,,,,
Hobbyist,4,Male,24,,,,,,,,,,,
Hobbyist,4,Female,50,,,,,,,,,,,
Hobbyist,4,Male,27,,,,,,,,,,,
Hobbyist,4,Female,34,,,,,,,,,,,
Hobbyist,4,Male,22,,,,,,,,,,,
Hobbyist,4,Female,25,,,,,,,,,,,
Hobbyist,4,Female,58,,,,,,,,,,,
Hobbyist,4,Male,25,,,,,,,,,,,
Hobbyist,4,Female,25,,,,,,,,,,,
Hobbyist,4,Male,38,,,,,,,,,,,
Hobbyist,4,Male,26,,,,,,,,,,,
Hobbyist,4,Male,34,,,,,,,,,,,
Hobbyist,4,Male,27,,,,,,,,,,,
Hobbyist,4,Male,28,,,,,,,,,,,
Hobbyist,4,Male,31,,,,,,,,,,,
Hobbyist,4,Female,29,,,,,,,,,,,
Hobbyist,4,Male,27,,,,,,,,,,,
Hobbyist,4,Male,31,,,,,,,,,,,
Hobbyist,4,Male,28,,,,,,,,,,,
Hobbyist,4,Male,35,,,,,,,,,,,
Hobbyist,4,Male,36,,,,,,,,,,,
Hobbyist,4,Male,43,,,,,,,,,,,
Hobbyist,4,Male,28,,,,,,,,,,,
Hobbyist,4,Male,23,,,,,,,,,,,
Hobbyist,4,Male,26,,,,,,,,,,,
Hobbyist,4,Male,23,,,,,,,,,,,
Hobbyist,4,Male,34,,,,,,,,,,,
Grad. student,4,Male,28,,,,,,,,,,,
Grad. student,4,Male,22,,,,,,,,,,,
Grad. student,4,Male,26,,,,,,,,,,,
Grad. student,4,Male,41,,,,,,,,,,,
Grad. student,4,Male,23,,,,,,,,,,,
Grad. student,4,Female,23,,,,,,,,,,,
Grad. student,4,Male,23,,,,,,,,,,,
Grad. student,4,Male,31,,,,,,,,,,,
Grad. student,4,Female,24,,,,,,,,,,,
Grad. student,4,Male,30,,,,,,,,,,,
Grad. student,4,Male,24,,,,,,,,,,,
Grad. student,4,Male,29,,,,,,,,,,,
Grad. student,4,Male,28,,,,,,,,,,,
Grad. student,4,Female,28,,,,,,,,,,,
Grad. student,4,Male,41,,,,,,,,,,,
Grad. student,4,Female,24,,,,,,,,,,,
Grad. student,4,Male,28,,,,,,,,,,,
Grad. student,4,Female,28,,,,,,,,,,,
Grad. student,4,Male,27,,,,,,,,,,,
Grad. student,4,Male,28,,,,,,,,,,,
Grad. student,4,Male,35,,,,,,,,,,,
Grad. student,4,Female,27,,,,,,,,,,,
Grad. student,4,Male,27,,,,,,,,,,,
Prof. developer,4,Male,26,,,,,,,,,,,
Prof. developer,4,Male,26,,,,,,,,,,,
Undergrad. student,3,Female,25,,,,,,,,,,,
Undergrad. student,3,Male,19,,,,,,,,,,,
Undergrad. student,3,Male,20,,,,,,,,,,,
Undergrad. student,3,Male,24,,,,,,,,,,,
Undergrad. student,3,Other,21,,,,,,,,,,,
Undergrad. student,3,Female,23,,,,,,,,,,,
Undergrad. student,3,Male,18,,,,,,,,,,,
Undergrad. student,3,Male,20,,,,,,,,,,,
Undergrad. student,3,Male,23,,,,,,,,,,,
Undergrad. student,3,Male,41,,,,,,,,,,,
Undergrad. student,3,Male,28,,,,,,,,,,,
Undergrad. student,3,Female,22,,,,,,,,,,,
Undergrad. student,3,Female,30,,,,,,,,,,,
Undergrad. student,3,Female,18,,,,,,,,,,,
Undergrad. student,3,Male,27,,,,,,,,,,,
Undergrad. student,3,Female,21,,,,,,,,,,,
Undergrad. student,3,Male,23,,,,,,,,,,,
Undergrad. student,3,Female,35,,,,,,,,,,,
Undergrad. student,3,Male,19,,,,,,,,,,,
Undergrad. student,3,Male,38,,,,,,,,,,,
Undergrad. student,3,Female,18,,,,,,,,,,,
Undergrad. student,3,Male,19,,,,,,,,,,,
Undergrad. student,3,Male,21,,,,,,,,,,,
Undergrad. student,3,Female,22,,,,,,,,,,,
Undergrad. student,3,Female,21,,,,,,,,,,,
Undergrad. student,3,Female,35,,,,,,,,,,,
Undergrad. student,3,Female,28,,,,,,,,,,,
Undergrad. student,3,Male,27,,,,,,,,,,,
Undergrad. student,3,Male,21,,,,,,,,,,,
Undergrad. student,3,Male,20,,,,,,,,,,,
Undergrad. student,3,Male,19,,,,,,,,,,,
Undergrad. student,3,Male,24,,,,,,,,,,,
Undergrad. student,3,Male,30,,,,,,,,,,,
Undergrad. student,3,Female,22,,,,,,,,,,,
Undergrad. student,3,Male,19,,,,,,,,,,,
Undergrad. student,3,Female,23,,,,,,,,,,,
Undergrad. student,3,Female,22,,,,,,,,,,,
Undergrad. student,3,Female,49,,,,,,,,,,,
Undergrad. student,3,Male,22,,,,,,,,,,,
Undergrad. student,3,Male,25,,,,,,,,,,,
Undergrad. student,3,Male,21,,,,,,,,,,,
Undergrad. student,3,Male,22,,,,,,,,,,,
Undergrad. student,3,Male,35,,,,,,,,,,,
Undergrad. student,3,Male,23,,,,,,,,,,,
Undergrad. student,3,Male,21,,,,,,,,,,,
Undergrad. student,3,Female,22,,,,,,,,,,,
Undergrad. student,3,Male,27,,,,,,,,,,,
Undergrad. student,3,Male,24,,,,,,,,,,,
Undergrad. student,3,Male,18,,,,,,,,,,,
Undergrad. student,3,Female,26,,,,,,,,,,,
Undergrad. student,3,Male,24,,,,,,,,,,,
Undergrad. student,3,Female,29,,,,,,,,,,,
Undergrad. student,3,Male,21,,,,,,,,,,,
Undergrad. student,3,Male,28,,,,,,,,,,,
Undergrad. student,3,Female,21,,,,,,,,,,,
Undergrad. student,3,Male,20,,,,,,,,,,,
Undergrad. student,3,Female,23,,,,,,,,,,,
Undergrad. student,3,Male,20,,,,,,,,,,,
Undergrad. student,3,Female,39,,,,,,,,,,,
Undergrad. student,3,Female,21,,,,,,,,,,,
Undergrad. student,3,Male,19,,,,,,,,,,,
Undergrad. student,3,Male,24,,,,,,,,,,,
Undergrad. student,3,Male,22,,,,,,,,,,,
Undergrad. student,3,Female,49,,,,,,,,,,,
Undergrad. student,3,Prefer not to tell,23,,,,,,,,,,,
Undergrad. student,3,Male,28,,,,,,,,,,,
Undergrad. student,3,Male,21,,,,,,,,,,,
Undergrad. student,3,Male,23,,,,,,,,,,,
Undergrad. student,3,Male,21,,,,,,,,,,,
Undergrad. student,3,Female,23,,,,,,,,,,,
Undergrad. student,3,Male,21,,,,,,,,,,,
Undergrad. student,3,Male,20,,,,,,,,,,,
Undergrad. student,3,Male,21,,,,,,,,,,,
Undergrad. student,3,Male,20,,,,,,,,,,,
Undergrad. student,3,Male,19,,,,,,,,,,,
Undergrad. student,3,Female,25,,,,,,,,,,,
Undergrad. student,3,Male,25,,,,,,,,,,,
Prof. developer,3,Male,25,,,,,,,,,,,
Prof. developer,3,Male,25,,,,,,,,,,,
Prof. developer,3,Male,33,,,,,,,,,,,
Prof. developer,3,Male,29,,,,,,,,,,,
Prof. developer,3,Female,23,,,,,,,,,,,
Prof. developer,3,Female,26,,,,,,,,,,,
Prof. developer,3,Male,24,,,,,,,,,,,
Prof. developer,3,Male,26,,,,,,,,,,,
Prof. developer,3,Female,30,,,,,,,,,,,
Prof. developer,3,Female,34,,,,,,,,,,,
Prof. developer,3,Female,29,,,,,,,,,,,
Prof. developer,3,Female,25,,,,,,,,,,,
Prof. developer,3,Male,27,,,,,,,,,,,
Prof. developer,3,Male,25,,,,,,,,,,,
Prof. developer,3,Female,33,,,,,,,,,,,
Prof. developer,3,Male,27,,,,,,,,,,,
Prof. developer,3,Female,27,,,,,,,,,,,
Prof. developer,3,Female,25,,,,,,,,,,,
Prof. developer,3,Male,25,,,,,,,,,,,
Prof. developer,3,Male,25,,,,,,,,,,,
Prof. developer,3,Female,26,,,,,,,,,,,
Prof. developer,3,Male,27,,,,,,,,,,,
Prof. developer,3,Male,33,,,,,,,,,,,
Prof. developer,3,Female,27,,,,,,,,,,,
Prof. developer,3,Male,33,,,,,,,,,,,
Prof. developer,3,Male,21,,,,,,,,,,,
Prof. developer,3,Female,25,,,,,,,,,,,
Prof. developer,3,Male,23,,,,,,,,,,,
Prof. developer,3,Male,33,,,,,,,,,,,
Prof. developer,3,Male,30,,,,,,,,,,,
Prof. developer,3,Female,27,,,,,,,,,,,
Prof. developer,3,Female,26,,,,,,,,,,,
Prof. developer,3,Male,27,,,,,,,,,,,
Prof. developer,3,Male,27,,,,,,,,,,,
Prof. developer,3,Male,24,,,,,,,,,,,
Prof. developer,3,Male,27,,,,,,,,,,,
Prof. developer,3,Male,27,,,,,,,,,,,
Prof. developer,3,Male,26,,,,,,,,,,,
Prof. developer,3,Male,26,,,,,,,,,,,
Prof. developer,3,Male,26,,,,,,,,,,,
Prof. developer,3,Male,24,,,,,,,,,,,
Prof. developer,3,Male,33,,,,,,,,,,,
Prof. developer,3,Male,26,,,,,,,,,,,
Prof. developer,3,Female,30,,,,,,,,,,,
Prof. developer,3,Female,27,,,,,,,,,,,
Prof. developer,3,Female,29,,,,,,,,,,,
Prof. developer,3,Male,35,,,,,,,,,,,
Prof. developer,3,Male,33,,,,,,,,,,,
Prof. developer,3,Male,21,,,,,,,,,,,
Prof. developer,3,Male,27,,,,,,,,,,,
Prof. developer,3,Male,24,,,,,,,,,,,
Prof. developer,3,Male,25,,,,,,,,,,,
Prof. developer,3,Male,24,,,,,,,,,,,
Prof. developer,3,Female,29,,,,,,,,,,,
Prof. developer,3,Male,33,,,,,,,,,,,
Prof. developer,3,Male,26,,,,,,,,,,,
Prof. developer,3,Male,29,,,,,,,,,,,
Other,3,Male,28,,,,,,,,,,,
Other,3,Male,25,,,,,,,,,,,
Other,3,Male,27,,,,,,,,,,,
Other,3,Female,41,,,,,,,,,,,
Other,3,Male,39,,,,,,,,,,,
Other,3,Male,25,,,,,,,,,,,
Other,3,Male,37,,,,,,,,,,,
Other,3,Male,67,,,,,,,,,,,
Other,3,Female,34,,,,,,,,,,,
Other,3,Male,26,,,,,,,,,,,
Hobbyist,3,Female,23,,,,,,,,,,,
Hobbyist,3,Female,34,,,,,,,,,,,
Hobbyist,3,Female,39,,,,,,,,,,,
Hobbyist,3,Male,38,,,,,,,,,,,
Hobbyist,3,Female,31,,,,,,,,,,,
Hobbyist,3,Female,21,,,,,,,,,,,
Hobbyist,3,Male,22,,,,,,,,,,,
Hobbyist,3,Male,28,,,,,,,,,,,
Hobbyist,3,Male,25,,,,,,,,,,,
Hobbyist,3,Male,32,,,,,,,,,,,
Hobbyist,3,Male,25,,,,,,,,,,,
Hobbyist,3,Male,37,,,,,,,,,,,
Hobbyist,3,Female,23,,,,,,,,,,,
Hobbyist,3,Male,28,,,,,,,,,,,
Hobbyist,3,Male,28,,,,,,,,,,,
Hobbyist,3,Female,34,,,,,,,,,,,
Hobbyist,3,Male,36,,,,,,,,,,,
Hobbyist,3,Male,32,,,,,,,,,,,
Hobbyist,3,Male,29,,,,,,,,,,,
Hobbyist,3,Male,29,,,,,,,,,,,
Hobbyist,3,Male,31,,,,,,,,,,,
Hobbyist,3,Male,29,,,,,,,,,,,
Hobbyist,3,Male,30,,,,,,,,,,,
Hobbyist,3,Female,29,,,,,,,,,,,
Hobbyist,3,Female,32,,,,,,,,,,,
Hobbyist,3,Female,24,,,,,,,,,,,
Hobbyist,3,Male,33,,,,,,,,,,,
Hobbyist,3,Female,22,,,,,,,,,,,
Hobbyist,3,Male,32,,,,,,,,,,,
Hobbyist,3,Male,37,,,,,,,,,,,
Hobbyist,3,Male,37,,,,,,,,,,,
Hobbyist,3,Male,24,,,,,,,,,,,
Hobbyist,3,Female,59,,,,,,,,,,,
Hobbyist,3,Female,26,,,,,,,,,,,
Hobbyist,3,Female,25,,,,,,,,,,,
Hobbyist,3,Male,28,,,,,,,,,,,
Hobbyist,3,Female,28,,,,,,,,,,,
Hobbyist,3,Male,26,,,,,,,,,,,
Hobbyist,3,Male,28,,,,,,,,,,,
Hobbyist,3,Male,24,,,,,,,,,,,
Hobbyist,3,Male,31,,,,,,,,,,,
Hobbyist,3,Male,28,,,,,,,,,,,
Hobbyist,3,Female,23,,,,,,,,,,,
Hobbyist,3,Male,32,,,,,,,,,,,
Hobbyist,3,Male,37,,,,,,,,,,,
Hobbyist,3,Male,25,,,,,,,,,,,
Hobbyist,3,Male,26,,,,,,,,,,,
Hobbyist,3,Male,30,,,,,,,,,,,
Hobbyist,3,Male,32,,,,,,,,,,,
Hobbyist,3,Male,25,,,,,,,,,,,
Hobbyist,3,Male,20,,,,,,,,,,,
Hobbyist,3,Male,22,,,,,,,,,,,
Hobbyist,3,Male,30,,,,,,,,,,,
Hobbyist,3,Female,34,,,,,,,,,,,
Hobbyist,3,Female,30,,,,,,,,,,,
Grad. student,3,Male,25,,,,,,,,,,,
Grad. student,3,Male,25,,,,,,,,,,,
Grad. student,3,Female,24,,,,,,,,,,,
Grad. student,3,Male,24,,,,,,,,,,,
Grad. student,3,Male,24,,,,,,,,,,,
Grad. student,3,Female,23,,,,,,,,,,,
Grad. student,3,Male,25,,,,,,,,,,,
Grad. student,3,Female,30,,,,,,,,,,,
Grad. student,3,Female,28,,,,,,,,,,,
Grad. student,3,Male,25,,,,,,,,,,,
Grad. student,3,Female,23,,,,,,,,,,,
Grad. student,3,Male,25,,,,,,,,,,,
Grad. student,3,Female,53,,,,,,,,,,,
Grad. student,3,Male,28,,,,,,,,,,,
Grad. student,3,Female,24,,,,,,,,,,,
Grad. student,3,Male,24,,,,,,,,,,,
Grad. student,3,Female,28,,,,,,,,,,,
Grad. student,3,Male,25,,,,,,,,,,,
Grad. student,3,Male,23,,,,,,,,,,,
Grad. student,3,Male,23,,,,,,,,,,,
Grad. student,3,Male,23,,,,,,,,,,,
Grad. student,3,Male,29,,,,,,,,,,,
Grad. student,3,Female,25,,,,,,,,,,,
Grad. student,3,Male,31,,,,,,,,,,,
Grad. student,3,Female,27,,,,,,,,,,,
Grad. student,3,Female,31,,,,,,,,,,,
Grad. student,3,Male,27,,,,,,,,,,,
Grad. student,3,Male,37,,,,,,,,,,,
Grad. student,3,Male,25,,,,,,,,,,,
Grad. student,3,Female,40,,,,,,,,,,,
Grad. student,3,Male,24,,,,,,,,,,,
Grad. student,3,Female,22,,,,,,,,,,,
Grad. student,3,Male,24,,,,,,,,,,,
Grad. student,3,Male,25,,,,,,,,,,,
Grad. student,3,Male,27,,,,,,,,,,,
Grad. student,3,Male,29,,,,,,,,,,,
Grad. student,3,Male,23,,,,,,,,,,,
Grad. student,3,Male,30,,,,,,,,,,,
Grad. student,3,Male,25,,,,,,,,,,,
Grad. student,3,Male,26,,,,,,,,,,,
Grad. student,3,Male,23,,,,,,,,,,,
Grad. student,3,Male,25,,,,,,,,,,,
Grad. student,3,Male,33,,,,,,,,,,,
Grad. student,3,Male,46,,,,,,,,,,,
Grad. student,3,Male,31,,,,,,,,,,,
Grad. student,3,Male,31,,,,,,,,,,,
Grad. student,3,Male,34,,,,,,,,,,,
Grad. student,3,Male,28,,,,,,,,,,,
Grad. student,3,Male,26,,,,,,,,,,,
Other,3,Male,24,,,,,,,,,,,
Other,3,Male,24,,,,,,,,,,,
Other,3,Male,24,,,,,,,,,,,
Other,3,Male,24,,,,,,,,,,,
Other,3,Male,24,,,,,,,,,,,
Other,3,Male,24,,,,,,,,,,,
Other,3,Male,24,,,,,,,,,,,
Hobbyist,3,Male,33,,,,,,,,,,,
Undergrad. student,2,Female,22,,,,,,,,,,,
Undergrad. student,2,Female,23,,,,,,,,,,,
Undergrad. student,2,Female,27,,,,,,,,,,,
Undergrad. student,2,Female,22,,,,,,,,,,,
Undergrad. student,2,Male,22,,,,,,,,,,,
Undergrad. student,2,Male,19,,,,,,,,,,,
Undergrad. student,2,Female,20,,,,,,,,,,,
Undergrad. student,2,Female,28,,,,,,,,,,,
Undergrad. student,2,Male,19,,,,,,,,,,,
Undergrad. student,2,Male,23,,,,,,,,,,,
Undergrad. student,2,Male,19,,,,,,,,,,,
Undergrad. student,2,Male,22,,,,,,,,,,,
Undergrad. student,2,Male,24,,,,,,,,,,,
Undergrad. student,2,Male,20,,,,,,,,,,,
Undergrad. student,2,Female,37,,,,,,,,,,,
Undergrad. student,2,Male,41,,,,,,,,,,,
Undergrad. student,2,Male,18,,,,,,,,,,,
Undergrad. student,2,Male,22,,,,,,,,,,,
Undergrad. student,2,Male,30,,,,,,,,,,,
Undergrad. student,2,Male,26,,,,,,,,,,,
Undergrad. student,2,Male,22,,,,,,,,,,,
Undergrad. student,2,Female,20,,,,,,,,,,,
Undergrad. student,2,Other,26,,,,,,,,,,,
Undergrad. student,2,Female,26,,,,,,,,,,,
Undergrad. student,2,Male,26,,,,,,,,,,,
Undergrad. student,2,Male,30,,,,,,,,,,,
Undergrad. student,2,Female,24,,,,,,,,,,,
Undergrad. student,2,Female,23,,,,,,,,,,,
Undergrad. student,2,Female,22,,,,,,,,,,,
Undergrad. student,2,Male,23,,,,,,,,,,,
Undergrad. student,2,Female,21,,,,,,,,,,,
Undergrad. student,2,Male,21,,,,,,,,,,,
Undergrad. student,2,Female,44,,,,,,,,,,,
Undergrad. student,2,Male,24,,,,,,,,,,,
Undergrad. student,2,Female,20,,,,,,,,,,,
Undergrad. student,2,Female,22,,,,,,,,,,,
Undergrad. student,2,Female,41,,,,,,,,,,,
Undergrad. student,2,Male,20,,,,,,,,,,,
Undergrad. student,2,Male,20,,,,,,,,,,,
Undergrad. student,2,Female,25,,,,,,,,,,,
Undergrad. student,2,Female,23,,,,,,,,,,,
Undergrad. student,2,Female,23,,,,,,,,,,,
Undergrad. student,2,Female,19,,,,,,,,,,,
Undergrad. student,2,Male,22,,,,,,,,,,,
Undergrad. student,2,Male,20,,,,,,,,,,,
Undergrad. student,2,Male,28,,,,,,,,,,,
Undergrad. student,2,Other,19,,,,,,,,,,,
Undergrad. student,2,Male,21,,,,,,,,,,,
Undergrad. student,2,Male,24,,,,,,,,,,,
Undergrad. student,2,Male,33,,,,,,,,,,,
Undergrad. student,2,Male,21,,,,,,,,,,,
Undergrad. student,2,Male,21,,,,,,,,,,,
Undergrad. student,2,Male,19,,,,,,,,,,,
Undergrad. student,2,Male,24,,,,,,,,,,,
Undergrad. student,2,Male,29,,,,,,,,,,,
Undergrad. student,2,Male,25,,,,,,,,,,,
Undergrad. student,2,Male,20,,,,,,,,,,,
Undergrad. student,2,Male,23,,,,,,,,,,,
Undergrad. student,2,Female,29,,,,,,,,,,,
Undergrad. student,2,Male,20,,,,,,,,,,,
Undergrad. student,2,Female,44,,,,,,,,,,,
Undergrad. student,2,Male,24,,,,,,,,,,,
Undergrad. student,2,Male,19,,,,,,,,,,,
Undergrad. student,2,Female,20,,,,,,,,,,,
Undergrad. student,2,Male,24,,,,,,,,,,,
Undergrad. student,2,Male,22,,,,,,,,,,,
Undergrad. student,2,Female,18,,,,,,,,,,,
Undergrad. student,2,Male,21,,,,,,,,,,,
Undergrad. student,2,Female,19,,,,,,,,,,,
Undergrad. student,2,Female,21,,,,,,,,,,,
Undergrad. student,2,Male,20,,,,,,,,,,,
Undergrad. student,2,Female,22,,,,,,,,,,,
Undergrad. student,2,Male,29,,,,,,,,,,,
Undergrad. student,2,Female,21,,,,,,,,,,,
Undergrad. student,2,Male,28,,,,,,,,,,,
Undergrad. student,2,Female,25,,,,,,,,,,,
Undergrad. student,2,Male,19,,,,,,,,,,,
Undergrad. student,2,Male,28,,,,,,,,,,,
Undergrad. student,2,Female,28,,,,,,,,,,,
Undergrad. student,2,Female,21,,,,,,,,,,,
Undergrad. student,2,Female,24,,,,,,,,,,,
Undergrad. student,2,Male,22,,,,,,,,,,,
Undergrad. student,2,Male,21,,,,,,,,,,,
Undergrad. student,2,Female,24,,,,,,,,,,,
Undergrad. student,2,Male,27,,,,,,,,,,,
Undergrad. student,2,Male,20,,,,,,,,,,,
Undergrad. student,2,Male,21,,,,,,,,,,,
Undergrad. student,2,Male,33,,,,,,,,,,,
Undergrad. student,2,Female,20,,,,,,,,,,,
Undergrad. student,2,Female,28,,,,,,,,,,,
Undergrad. student,2,Other,20,,,,,,,,,,,
Undergrad. student,2,Male,20,,,,,,,,,,,
Undergrad. student,2,Male,24,,,,,,,,,,,
Undergrad. student,2,Male,20,,,,,,,,,,,
Undergrad. student,2,Male,21,,,,,,,,,,,
Undergrad. student,2,Male,23,,,,,,,,,,,
Undergrad. student,2,Female,22,,,,,,,,,,,
Undergrad. student,2,Male,23,,,,,,,,,,,
Undergrad. student,2,Female,20,,,,,,,,,,,
Undergrad. student,2,Male,18,,,,,,,,,,,
Undergrad. student,2,Female,21,,,,,,,,,,,
Undergrad. student,2,Female,21,,,,,,,,,,,
Undergrad. student,2,Female,20,,,,,,,,,,,
Undergrad. student,2,Male,39,,,,,,,,,,,
Undergrad. student,2,Male,22,,,,,,,,,,,
Undergrad. student,2,Male,21,,,,,,,,,,,
Undergrad. student,2,Female,20,,,,,,,,,,,
Undergrad. student,2,Male,24,,,,,,,,,,,
Undergrad. student,2,Male,25,,,,,,,,,,,
Undergrad. student,2,Female,20,,,,,,,,,,,
Undergrad. student,2,Female,19,,,,,,,,,,,
Undergrad. student,2,Female,30,,,,,,,,,,,
Undergrad. student,2,Male,22,,,,,,,,,,,
Undergrad. student,2,Male,22,,,,,,,,,,,
Undergrad. student,2,Male,29,,,,,,,,,,,
Undergrad. student,2,Male,25,,,,,,,,,,,
Undergrad. student,2,Male,21,,,,,,,,,,,
Undergrad. student,2,Male,21,,,,,,,,,,,
Undergrad. student,2,Male,28,,,,,,,,,,,
Undergrad. student,2,Male,30,,,,,,,,,,,
Undergrad. student,2,Male,20,,,,,,,,,,,
Undergrad. student,2,Male,22,,,,,,,,,,,
Undergrad. student,2,Male,34,,,,,,,,,,,
Undergrad. student,2,Male,24,,,,,,,,,,,
Undergrad. student,2,Female,24,,,,,,,,,,,
Undergrad. student,2,Male,26,,,,,,,,,,,
Undergrad. student,2,Male,27,,,,,,,,,,,
Undergrad. student,2,Female,22,,,,,,,,,,,
Undergrad. student,2,Male,25,,,,,,,,,,,
Undergrad. student,2,Female,29,,,,,,,,,,,
Undergrad. student,2,Female,27,,,,,,,,,,,
Undergrad. student,2,Female,21,,,,,,,,,,,
Undergrad. student,2,Male,19,,,,,,,,,,,
Undergrad. student,2,Male,24,,,,,,,,,,,
Undergrad. student,2,Male,22,,,,,,,,,,,
Undergrad. student,2,Female,19,,,,,,,,,,,
Undergrad. student,2,Female,51,,,,,,,,,,,
Undergrad. student,2,Male,21,,,,,,,,,,,
Prof. developer,2,Female,27,,,,,,,,,,,
Prof. developer,2,Male,29,,,,,,,,,,,
Prof. developer,2,Male,33,,,,,,,,,,,
Prof. developer,2,Male,27,,,,,,,,,,,
Prof. developer,2,Male,23,,,,,,,,,,,
Prof. developer,2,Male,25,,,,,,,,,,,
Prof. developer,2,Female,43,,,,,,,,,,,
Prof. developer,2,Male,29,,,,,,,,,,,
Prof. developer,2,Female,30,,,,,,,,,,,
Prof. developer,2,Female,30,,,,,,,,,,,
Prof. developer,2,Female,29,,,,,,,,,,,
Prof. developer,2,Male,25,,,,,,,,,,,
Prof. developer,2,Female,42,,,,,,,,,,,
Prof. developer,2,Female,27,,,,,,,,,,,
Prof. developer,2,Male,25,,,,,,,,,,,
Prof. developer,2,Female,26,,,,,,,,,,,
Prof. developer,2,Female,30,,,,,,,,,,,
Prof. developer,2,Male,46,,,,,,,,,,,
Prof. developer,2,Male,24,,,,,,,,,,,
Prof. developer,2,Male,27,,,,,,,,,,,
Prof. developer,2,Male,30,,,,,,,,,,,
Prof. developer,2,Male,16,,,,,,,,,,,
Prof. developer,2,Male,23,,,,,,,,,,,
Prof. developer,2,Male,23,,,,,,,,,,,
Prof. developer,2,Male,25,,,,,,,,,,,
Prof. developer,2,Male,27,,,,,,,,,,,
Prof. developer,2,Male,42,,,,,,,,,,,
Prof. developer,2,Female,30,,,,,,,,,,,
Prof. developer,2,Female,26,,,,,,,,,,,
Prof. developer,2,Male,32,,,,,,,,,,,
Prof. developer,2,Male,26,,,,,,,,,,,
Prof. developer,2,Male,26,,,,,,,,,,,
Prof. developer,2,Female,24,,,,,,,,,,,
Prof. developer,2,Female,30,,,,,,,,,,,
Prof. developer,2,Male,23,,,,,,,,,,,
Other,2,Male,27,,,,,,,,,,,
Other,2,Male,51,,,,,,,,,,,
Other,2,Male,32,,,,,,,,,,,
Other,2,Female,23,,,,,,,,,,,
Other,2,Female,50,,,,,,,,,,,
Other,2,Female,30,,,,,,,,,,,
Other,2,Male,30,,,,,,,,,,,
Other,2,Male,26,,,,,,,,,,,
Other,2,Female,27,,,,,,,,,,,
Other,2,Female,36,,,,,,,,,,,
Other,2,Female,27,,,,,,,,,,,
Other,2,Male,41,,,,,,,,,,,
Other,2,Female,23,,,,,,,,,,,
Other,2,Male,25,,,,,,,,,,,
Other,2,Female,26,,,,,,,,,,,
Other,2,Male,25,,,,,,,,,,,
Other,2,Male,24,,,,,,,,,,,
Other,2,Male,29,,,,,,,,,,,
Other,2,Prefer not to tell,24,,,,,,,,,,,
Other,2,Female,31,,,,,,,,,,,
Hobbyist,2,Male,39,,,,,,,,,,,
Hobbyist,2,Male,36,,,,,,,,,,,
Hobbyist,2,Male,24,,,,,,,,,,,
Hobbyist,2,Male,30,,,,,,,,,,,
Hobbyist,2,Male,23,,,,,,,,,,,
Hobbyist,2,Male,34,,,,,,,,,,,
Hobbyist,2,Female,25,,,,,,,,,,,
Hobbyist,2,Female,32,,,,,,,,,,,
Hobbyist,2,Male,24,,,,,,,,,,,
Hobbyist,2,Male,20,,,,,,,,,,,
Hobbyist,2,Male,22,,,,,,,,,,,
Hobbyist,2,Male,30,,,,,,,,,,,
Hobbyist,2,Female,24,,,,,,,,,,,
Hobbyist,2,Male,25,,,,,,,,,,,
Hobbyist,2,Other,26,,,,,,,,,,,
Hobbyist,2,Female,39,,,,,,,,,,,
Hobbyist,2,Male,35,,,,,,,,,,,
Hobbyist,2,Male,54,,,,,,,,,,,
Hobbyist,2,Male,27,,,,,,,,,,,
Hobbyist,2,Male,29,,,,,,,,,,,
Hobbyist,2,Male,33,,,,,,,,,,,
Hobbyist,2,Female,39,,,,,,,,,,,
Hobbyist,2,Male,20,,,,,,,,,,,
Hobbyist,2,Female,31,,,,,,,,,,,
Hobbyist,2,Female,29,,,,,,,,,,,
Hobbyist,2,Male,33,,,,,,,,,,,
Hobbyist,2,Male,28,,,,,,,,,,,
Hobbyist,2,Male,28,,,,,,,,,,,
Hobbyist,2,Male,22,,,,,,,,,,,
Hobbyist,2,Female,31,,,,,,,,,,,
Hobbyist,2,Male,24,,,,,,,,,,,
Hobbyist,2,Female,35,,,,,,,,,,,
Hobbyist,2,Male,19,,,,,,,,,,,
Hobbyist,2,Male,26,,,,,,,,,,,
Hobbyist,2,Female,35,,,,,,,,,,,
Hobbyist,2,Male,32,,,,,,,,,,,
Hobbyist,2,Female,31,,,,,,,,,,,
Hobbyist,2,Male,27,,,,,,,,,,,
Hobbyist,2,Male,29,,,,,,,,,,,
Hobbyist,2,Female,25,,,,,,,,,,,
Hobbyist,2,Male,27,,,,,,,,,,,
Hobbyist,2,Female,25,,,,,,,,,,,
Hobbyist,2,Male,35,,,,,,,,,,,
Hobbyist,2,Male,23,,,,,,,,,,,
Hobbyist,2,Male,26,,,,,,,,,,,
Hobbyist,2,Female,27,,,,,,,,,,,
Hobbyist,2,Male,22,,,,,,,,,,,
Hobbyist,2,Male,42,,,,,,,,,,,
Hobbyist,2,Male,31,,,,,,,,,,,
Hobbyist,2,Male,24,,,,,,,,,,,
Hobbyist,2,Female,27,,,,,,,,,,,
Hobbyist,2,Prefer not to tell,23,,,,,,,,,,,
Hobbyist,2,Male,29,,,,,,,,,,,
Hobbyist,2,Female,32,,,,,,,,,,,
Hobbyist,2,Male,40,,,,,,,,,,,
Hobbyist,2,Female,25,,,,,,,,,,,
Hobbyist,2,Male,26,,,,,,,,,,,
Hobbyist,2,Female,26,,,,,,,,,,,
Hobbyist,2,Male,23,,,,,,,,,,,
Hobbyist,2,Male,33,,,,,,,,,,,
Hobbyist,2,Female,23,,,,,,,,,,,
Hobbyist,2,Male,19,,,,,,,,,,,
Hobbyist,2,Male,24,,,,,,,,,,,
Hobbyist,2,Male,29,,,,,,,,,,,
Hobbyist,2,Male,35,,,,,,,,,,,
Hobbyist,2,Female,32,,,,,,,,,,,
Hobbyist,2,Female,25,,,,,,,,,,,
Hobbyist,2,Male,23,,,,,,,,,,,
Hobbyist,2,Male,36,,,,,,,,,,,
Hobbyist,2,Male,28,,,,,,,,,,,
Hobbyist,2,Male,31,,,,,,,,,,,
Hobbyist,2,Female,39,,,,,,,,,,,
Hobbyist,2,Male,31,,,,,,,,,,,
Hobbyist,2,Male,23,,,,,,,,,,,
Hobbyist,2,Female,39,,,,,,,,,,,
Hobbyist,2,Male,32,,,,,,,,,,,
Hobbyist,2,Male,23,,,,,,,,,,,
Hobbyist,2,Male,29,,,,,,,,,,,
Hobbyist,2,Female,41,,,,,,,,,,,
Hobbyist,2,Female,47,,,,,,,,,,,
Hobbyist,2,Male,21,,,,,,,,,,,
Hobbyist,2,Male,22,,,,,,,,,,,
Hobbyist,2,Male,22,,,,,,,,,,,
Hobbyist,2,Female,29,,,,,,,,,,,
Hobbyist,2,Male,27,,,,,,,,,,,
Hobbyist,2,Female,32,,,,,,,,,,,
Hobbyist,2,Female,45,,,,,,,,,,,
Hobbyist,2,Female,20,,,,,,,,,,,
Hobbyist,2,Male,31,,,,,,,,,,,
Hobbyist,2,Female,29,,,,,,,,,,,
Hobbyist,2,Female,25,,,,,,,,,,,
Hobbyist,2,Prefer not to tell,41,,,,,,,,,,,
Hobbyist,2,Male,27,,,,,,,,,,,
Hobbyist,2,Male,25,,,,,,,,,,,
Hobbyist,2,Female,24,,,,,,,,,,,
Hobbyist,2,Female,66,,,,,,,,,,,
Hobbyist,2,Male,29,,,,,,,,,,,
Hobbyist,2,Female,47,,,,,,,,,,,
Hobbyist,2,Male,31,,,,,,,,,,,
Hobbyist,2,Female,40,,,,,,,,,,,
Hobbyist,2,Male,27,,,,,,,,,,,
Hobbyist,2,Female,25,,,,,,,,,,,
Hobbyist,2,Male,36,,,,,,,,,,,
Hobbyist,2,Other,23,,,,,,,,,,,
Hobbyist,2,Female,37,,,,,,,,,,,
Hobbyist,2,Male,24,,,,,,,,,,,
Hobbyist,2,Male,31,,,,,,,,,,,
Hobbyist,2,Female,33,,,,,,,,,,,
Hobbyist,2,Male,30,,,,,,,,,,,
Grad. student,2,Male,25,,,,,,,,,,,
Grad. student,2,Male,25,,,,,,,,,,,
Grad. student,2,Female,22,,,,,,,,,,,
Grad. student,2,Male,25,,,,,,,,,,,
Grad. student,2,Female,25,,,,,,,,,,,
Grad. student,2,Female,25,,,,,,,,,,,
Grad. student,2,Female,42,,,,,,,,,,,
Grad. student,2,Female,22,,,,,,,,,,,
Grad. student,2,Prefer not to tell,23,,,,,,,,,,,
Grad. student,2,Male,26,,,,,,,,,,,
Grad. student,2,Female,44,,,,,,,,,,,
Grad. student,2,Male,31,,,,,,,,,,,
Grad. student,2,Male,23,,,,,,,,,,,
Grad. student,2,Male,27,,,,,,,,,,,
Grad. student,2,Female,23,,,,,,,,,,,
Grad. student,2,Male,25,,,,,,,,,,,
Grad. student,2,Female,25,,,,,,,,,,,
Grad. student,2,Male,24,,,,,,,,,,,
Grad. student,2,Male,34,,,,,,,,,,,
Grad. student,2,Male,27,,,,,,,,,,,
Grad. student,2,Female,41,,,,,,,,,,,
Grad. student,2,Male,26,,,,,,,,,,,
Grad. student,2,Female,23,,,,,,,,,,,
Grad. student,2,Male,27,,,,,,,,,,,
Grad. student,2,Male,25,,,,,,,,,,,
Grad. student,2,Male,24,,,,,,,,,,,
Grad. student,2,Other,28,,,,,,,,,,,
Grad. student,2,Male,23,,,,,,,,,,,
Grad. student,2,Male,26,,,,,,,,,,,
Grad. student,2,Male,22,,,,,,,,,,,
Grad. student,2,Female,24,,,,,,,,,,,
Grad. student,2,Male,32,,,,,,,,,,,
Grad. student,2,Female,27,,,,,,,,,,,
Grad. student,2,Male,34,,,,,,,,,,,
Grad. student,2,Female,42,,,,,,,,,,,
Grad. student,2,Male,28,,,,,,,,,,,
Grad. student,2,Male,27,,,,,,,,,,,
Grad. student,2,Male,25,,,,,,,,,,,
Grad. student,2,Male,26,,,,,,,,,,,
Grad. student,2,Male,32,,,,,,,,,,,
Grad. student,2,Other,23,,,,,,,,,,,
Grad. student,2,Male,29,,,,,,,,,,,
Grad. student,2,Male,25,,,,,,,,,,,
Grad. student,2,Male,33,,,,,,,,,,,
Grad. student,2,Male,27,,,,,,,,,,,
Grad. student,2,Female,35,,,,,,,,,,,
Grad. student,2,Male,24,,,,,,,,,,,
Grad. student,2,Female,31,,,,,,,,,,,
Grad. student,2,Female,42,,,,,,,,,,,
Grad. student,2,Female,32,,,,,,,,,,,
Grad. student,2,Male,26,,,,,,,,,,,
Grad. student,2,Female,22,,,,,,,,,,,
Grad. student,2,Male,26,,,,,,,,,,,
Grad. student,2,Male,27,,,,,,,,,,,
Grad. student,2,Male,28,,,,,,,,,,,
Grad. student,2,Male,22,,,,,,,,,,,
Grad. student,2,Male,32,,,,,,,,,,,
Grad. student,2,Female,27,,,,,,,,,,,
Grad. student,2,Male,24,,,,,,,,,,,
Grad. student,2,Male,27,,,,,,,,,,,
Grad. student,2,Male,26,,,,,,,,,,,
Grad. student,2,Male,24,,,,,,,,,,,
Grad. student,2,Female,25,,,,,,,,,,,
Grad. student,2,Male,22,,,,,,,,,,,
Grad. student,2,Male,25,,,,,,,,,,,
Grad. student,2,Male,25,,,,,,,,,,,
Grad. student,2,Male,26,,,,,,,,,,,
Grad. student,2,Male,25,,,,,,,,,,,
Grad. student,2,Male,27,,,,,,,,,,,
Grad. student,2,Female,18,,,,,,,,,,,
Grad. student,2,Male,25,,,,,,,,,,,
Grad. student,2,Female,22,,,,,,,,,,,
Grad. student,2,Male,34,,,,,,,,,,,
Grad. student,2,Female,24,,,,,,,,,,,
Grad. student,2,Female,23,,,,,,,,,,,
Grad. student,2,Male,25,,,,,,,,,,,
Grad. student,2,Male,26,,,,,,,,,,,
Grad. student,2,Male,42,,,,,,,,,,,
Grad. student,2,Male,27,,,,,,,,,,,
Grad. student,2,Male,24,,,,,,,,,,,
Grad. student,2,Male,28,,,,,,,,,,,
Undergrad. student,2,Female,23,,,,,,,,,,,
Hobbyist,2,Male,25,,,,,,,,,,,
Undergrad. student,1,Male,26,,,,,,,,,,,
Undergrad. student,1,Male,22,,,,,,,,,,,
Undergrad. student,1,Male,23,,,,,,,,,,,
Undergrad. student,1,Female,22,,,,,,,,,,,
Undergrad. student,1,Female,20,,,,,,,,,,,
Undergrad. student,1,Male,23,,,,,,,,,,,
Undergrad. student,1,Female,34,,,,,,,,,,,
Undergrad. student,1,Female,29,,,,,,,,,,,
Undergrad. student,1,Prefer not to tell,20,,,,,,,,,,,
Undergrad. student,1,Male,22,,,,,,,,,,,
Undergrad. student,1,Male,22,,,,,,,,,,,
Undergrad. student,1,Female,22,,,,,,,,,,,
Undergrad. student,1,Male,23,,,,,,,,,,,
Undergrad. student,1,Female,24,,,,,,,,,,,
Undergrad. student,1,Male,29,,,,,,,,,,,
Undergrad. student,1,Male,20,,,,,,,,,,,
Undergrad. student,1,Male,43,,,,,,,,,,,
Undergrad. student,1,Male,30,,,,,,,,,,,
Undergrad. student,1,Male,30,,,,,,,,,,,
Undergrad. student,1,Male,23,,,,,,,,,,,
Undergrad. student,1,Male,29,,,,,,,,,,,
Undergrad. student,1,Male,21,,,,,,,,,,,
Undergrad. student,1,Male,29,,,,,,,,,,,
Undergrad. student,1,Male,20,,,,,,,,,,,
Undergrad. student,1,Male,29,,,,,,,,,,,
Undergrad. student,1,Male,27,,,,,,,,,,,
Undergrad. student,1,Male,20,,,,,,,,,,,
Undergrad. student,1,Female,19,,,,,,,,,,,
Undergrad. student,1,Male,21,,,,,,,,,,,
Undergrad. student,1,Female,23,,,,,,,,,,,
Undergrad. student,1,Male,23,,,,,,,,,,,
Undergrad. student,1,Male,19,,,,,,,,,,,
Undergrad. student,1,Male,33,,,,,,,,,,,
Undergrad. student,1,Female,20,,,,,,,,,,,
Undergrad. student,1,Female,46,,,,,,,,,,,
Undergrad. student,1,Female,20,,,,,,,,,,,
Undergrad. student,1,Female,35,,,,,,,,,,,
Undergrad. student,1,Male,27,,,,,,,,,,,
Undergrad. student,1,Female,21,,,,,,,,,,,
Undergrad. student,1,Female,29,,,,,,,,,,,
Undergrad. student,1,Male,33,,,,,,,,,,,
Undergrad. student,1,Male,22,,,,,,,,,,,
Undergrad. student,1,Male,33,,,,,,,,,,,
Undergrad. student,1,Female,20,,,,,,,,,,,
Undergrad. student,1,Male,29,,,,,,,,,,,
Undergrad. student,1,Female,34,,,,,,,,,,,
Undergrad. student,1,Male,33,,,,,,,,,,,
Undergrad. student,1,Male,23,,,,,,,,,,,
Undergrad. student,1,Female,33,,,,,,,,,,,
Undergrad. student,1,Female,26,,,,,,,,,,,
Undergrad. student,1,Female,29,,,,,,,,,,,
Undergrad. student,1,Female,19,,,,,,,,,,,
Undergrad. student,1,Male,26,,,,,,,,,,,
Undergrad. student,1,Male,21,,,,,,,,,,,
Undergrad. student,1,Male,29,,,,,,,,,,,
Undergrad. student,1,Female,18,,,,,,,,,,,
Undergrad. student,1,Male,18,,,,,,,,,,,
Undergrad. student,1,Female,22,,,,,,,,,,,
Undergrad. student,1,Male,22,,,,,,,,,,,
Undergrad. student,1,Male,22,,,,,,,,,,,
Undergrad. student,1,Female,34,,,,,,,,,,,
Undergrad. student,1,Male,21,,,,,,,,,,,
Undergrad. student,1,Male,23,,,,,,,,,,,
Undergrad. student,1,Female,26,,,,,,,,,,,
Undergrad. student,1,Male,27,,,,,,,,,,,
Undergrad. student,1,Female,24,,,,,,,,,,,
Undergrad. student,1,Male,21,,,,,,,,,,,
Undergrad. student,1,Male,22,,,,,,,,,,,
Undergrad. student,1,Male,32,,,,,,,,,,,
Undergrad. student,1,Male,20,,,,,,,,,,,
Undergrad. student,1,Male,21,,,,,,,,,,,
Undergrad. student,1,Male,25,,,,,,,,,,,
Undergrad. student,1,Female,22,,,,,,,,,,,
Undergrad. student,1,Male,22,,,,,,,,,,,
Undergrad. student,1,Male,19,,,,,,,,,,,
Undergrad. student,1,Female,18,,,,,,,,,,,
Undergrad. student,1,Female,51,,,,,,,,,,,
Undergrad. student,1,Female,19,,,,,,,,,,,
Undergrad. student,1,Male,29,,,,,,,,,,,
Undergrad. student,1,Female,24,,,,,,,,,,,
Undergrad. student,1,Female,21,,,,,,,,,,,
Undergrad. student,1,Male,22,,,,,,,,,,,
Undergrad. student,1,Male,23,,,,,,,,,,,
Undergrad. student,1,Male,18,,,,,,,,,,,
Undergrad. student,1,Female,61,,,,,,,,,,,
Undergrad. student,1,Male,24,,,,,,,,,,,
Undergrad. student,1,Male,22,,,,,,,,,,,
Undergrad. student,1,Female,21,,,,,,,,,,,
Undergrad. student,1,Male,22,,,,,,,,,,,
Undergrad. student,1,Female,25,,,,,,,,,,,
Undergrad. student,1,Male,21,,,,,,,,,,,
Undergrad. student,1,Female,18,,,,,,,,,,,
Undergrad. student,1,Male,20,,,,,,,,,,,
Undergrad. student,1,Female,25,,,,,,,,,,,
Undergrad. student,1,Male,22,,,,,,,,,,,
Undergrad. student,1,Female,21,,,,,,,,,,,
Undergrad. student,1,Male,22,,,,,,,,,,,
Undergrad. student,1,Male,26,,,,,,,,,,,
Undergrad. student,1,Female,21,,,,,,,,,,,
Undergrad. student,1,Male,24,,,,,,,,,,,
Undergrad. student,1,Female,26,,,,,,,,,,,
Undergrad. student,1,Male,18,,,,,,,,,,,
Undergrad. student,1,Female,19,,,,,,,,,,,
Undergrad. student,1,Female,29,,,,,,,,,,,
Undergrad. student,1,Male,22,,,,,,,,,,,
Undergrad. student,1,Male,27,,,,,,,,,,,
Undergrad. student,1,Male,29,,,,,,,,,,,
Undergrad. student,1,Male,37,,,,,,,,,,,
Undergrad. student,1,Male,43,,,,,,,,,,,
Undergrad. student,1,Male,24,,,,,,,,,,,
Undergrad. student,1,Male,23,,,,,,,,,,,
Undergrad. student,1,Male,19,,,,,,,,,,,
Undergrad. student,1,Male,32,,,,,,,,,,,
Undergrad. student,1,Male,21,,,,,,,,,,,
Undergrad. student,1,Male,30,,,,,,,,,,,
Undergrad. student,1,Female,21,,,,,,,,,,,
Undergrad. student,1,Female,22,,,,,,,,,,,
Undergrad. student,1,Male,19,,,,,,,,,,,
Undergrad. student,1,Male,25,,,,,,,,,,,
Undergrad. student,1,Male,31,,,,,,,,,,,
Undergrad. student,1,Female,28,,,,,,,,,,,
Undergrad. student,1,Male,24,,,,,,,,,,,
Undergrad. student,1,Male,22,,,,,,,,,,,
Undergrad. student,1,Male,29,,,,,,,,,,,
Undergrad. student,1,Male,33,,,,,,,,,,,
Undergrad. student,1,Male,20,,,,,,,,,,,
Undergrad. student,1,Male,22,,,,,,,,,,,
Undergrad. student,1,Male,20,,,,,,,,,,,
Undergrad. student,1,Female,19,,,,,,,,,,,
Undergrad. student,1,Female,23,,,,,,,,,,,
Undergrad. student,1,Male,21,,,,,,,,,,,
Undergrad. student,1,Female,23,,,,,,,,,,,
Undergrad. student,1,Female,22,,,,,,,,,,,
Undergrad. student,1,Male,34,,,,,,,,,,,
Undergrad. student,1,Female,24,,,,,,,,,,,
Undergrad. student,1,Female,34,,,,,,,,,,,
Undergrad. student,1,Male,19,,,,,,,,,,,
Undergrad. student,1,Female,24,,,,,,,,,,,
Undergrad. student,1,Female,26,,,,,,,,,,,
Undergrad. student,1,Female,30,,,,,,,,,,,
Undergrad. student,1,Female,21,,,,,,,,,,,
Undergrad. student,1,Female,25,,,,,,,,,,,
Undergrad. student,1,Female,30,,,,,,,,,,,
Undergrad. student,1,Female,40,,,,,,,,,,,
Undergrad. student,1,Female,52,,,,,,,,,,,
Undergrad. student,1,Male,28,,,,,,,,,,,
Undergrad. student,1,Female,40,,,,,,,,,,,
Undergrad. student,1,Male,27,,,,,,,,,,,
Undergrad. student,1,Female,27,,,,,,,,,,,
Undergrad. student,1,Female,30,,,,,,,,,,,
Undergrad. student,1,Prefer not to tell,29,,,,,,,,,,,
Undergrad. student,1,Male,21,,,,,,,,,,,
Undergrad. student,1,Male,18,,,,,,,,,,,
Undergrad. student,1,Male,20,,,,,,,,,,,
Undergrad. student,1,Female,20,,,,,,,,,,,
Undergrad. student,1,Female,37,,,,,,,,,,,
Undergrad. student,1,Male,23,,,,,,,,,,,
Undergrad. student,1,Male,24,,,,,,,,,,,
Undergrad. student,1,Male,28,,,,,,,,,,,
Undergrad. student,1,Female,22,,,,,,,,,,,
Undergrad. student,1,Female,24,,,,,,,,,,,
Undergrad. student,1,Male,20,,,,,,,,,,,
Undergrad. student,1,Female,24,,,,,,,,,,,
Prof. developer,1,Male,25,,,,,,,,,,,
Prof. developer,1,Male,25,,,,,,,,,,,
Prof. developer,1,Female,22,,,,,,,,,,,
Prof. developer,1,Male,26,,,,,,,,,,,
Prof. developer,1,Female,40,,,,,,,,,,,
Prof. developer,1,Male,24,,,,,,,,,,,
Prof. developer,1,Male,28,,,,,,,,,,,
Prof. developer,1,Male,26,,,,,,,,,,,
Prof. developer,1,Male,28,,,,,,,,,,,
Prof. developer,1,Male,36,,,,,,,,,,,
Prof. developer,1,Male,34,,,,,,,,,,,
Prof. developer,1,Male,22,,,,,,,,,,,
Other,1,Female,31,,,,,,,,,,,
Other,1,Female,20,,,,,,,,,,,
Other,1,Female,44,,,,,,,,,,,
Other,1,Male,36,,,,,,,,,,,
Other,1,Prefer not to tell,36,,,,,,,,,,,
Other,1,Male,26,,,,,,,,,,,
Other,1,Male,54,,,,,,,,,,,
Other,1,Female,28,,,,,,,,,,,
Other,1,Female,28,,,,,,,,,,,
Other,1,Female,36,,,,,,,,,,,
Other,1,Female,32,,,,,,,,,,,
Other,1,Female,35,,,,,,,,,,,
Other,1,Male,27,,,,,,,,,,,
Other,1,Male,27,,,,,,,,,,,
Other,1,Male,27,,,,,,,,,,,
Other,1,Male,27,,,,,,,,,,,
Other,1,Male,27,,,,,,,,,,,
Other,1,Male,27,,,,,,,,,,,
Other,1,Male,27,,,,,,,,,,,
Other,1,Female,31,,,,,,,,,,,
Other,1,Male,49,,,,,,,,,,,
Other,1,Female,40,,,,,,,,,,,
Other,1,Male,21,,,,,,,,,,,
Other,1,Male,30,,,,,,,,,,,
Other,1,Female,35,,,,,,,,,,,
Other,1,Female,32,,,,,,,,,,,
Other,1,Male,30,,,,,,,,,,,
Other,1,Female,31,,,,,,,,,,,
Other,1,Female,28,,,,,,,,,,,
Other,1,Female,25,,,,,,,,,,,
Other,1,Male,55,,,,,,,,,,,
Other,1,Male,31,,,,,,,,,,,
Other,1,Female,26,,,,,,,,,,,
Other,1,Female,39,,,,,,,,,,,
Other,1,Male,32,,,,,,,,,,,
Other,1,Female,32,,,,,,,,,,,
Other,1,Male,28,,,,,,,,,,,
Hobbyist,1,Female,50,,,,,,,,,,,
Hobbyist,1,Male,21,,,,,,,,,,,
Hobbyist,1,Male,34,,,,,,,,,,,
Hobbyist,1,Male,26,,,,,,,,,,,
Hobbyist,1,Female,28,,,,,,,,,,,
Hobbyist,1,Male,19,,,,,,,,,,,
Hobbyist,1,Male,32,,,,,,,,,,,
Hobbyist,1,Female,49,,,,,,,,,,,
Hobbyist,1,Male,33,,,,,,,,,,,
Hobbyist,1,Female,40,,,,,,,,,,,
Hobbyist,1,Male,29,,,,,,,,,,,
Hobbyist,1,Male,38,,,,,,,,,,,
Hobbyist,1,Male,24,,,,,,,,,,,
Hobbyist,1,Female,29,,,,,,,,,,,
Hobbyist,1,Male,38,,,,,,,,,,,
Hobbyist,1,Male,30,,,,,,,,,,,
Hobbyist,1,Female,30,,,,,,,,,,,
Hobbyist,1,Female,31,,,,,,,,,,,
Hobbyist,1,Female,45,,,,,,,,,,,
Hobbyist,1,Male,25,,,,,,,,,,,
Hobbyist,1,Male,42,,,,,,,,,,,
Hobbyist,1,Female,45,,,,,,,,,,,
Hobbyist,1,Female,25,,,,,,,,,,,
Hobbyist,1,Male,52,,,,,,,,,,,
Hobbyist,1,Female,41,,,,,,,,,,,
Hobbyist,1,Male,28,,,,,,,,,,,
Hobbyist,1,Female,40,,,,,,,,,,,
Hobbyist,1,Male,29,,,,,,,,,,,
Hobbyist,1,Female,24,,,,,,,,,,,
Hobbyist,1,Male,34,,,,,,,,,,,
Hobbyist,1,Female,50,,,,,,,,,,,
Hobbyist,1,Female,22,,,,,,,,,,,
Hobbyist,1,Female,28,,,,,,,,,,,
Hobbyist,1,Female,39,,,,,,,,,,,
Hobbyist,1,Female,23,,,,,,,,,,,
Hobbyist,1,Female,54,,,,,,,,,,,
Hobbyist,1,Male,47,,,,,,,,,,,
Hobbyist,1,Female,54,,,,,,,,,,,
Hobbyist,1,Male,25,,,,,,,,,,,
Hobbyist,1,Male,32,,,,,,,,,,,
Hobbyist,1,Male,28,,,,,,,,,,,
Hobbyist,1,Male,27,,,,,,,,,,,
Hobbyist,1,Male,21,,,,,,,,,,,
Hobbyist,1,Male,30,,,,,,,,,,,
Hobbyist,1,Male,32,,,,,,,,,,,
Hobbyist,1,Female,29,,,,,,,,,,,
Hobbyist,1,Male,24,,,,,,,,,,,
Hobbyist,1,Male,23,,,,,,,,,,,
Hobbyist,1,Male,27,,,,,,,,,,,
Hobbyist,1,Male,21,,,,,,,,,,,
Hobbyist,1,Female,49,,,,,,,,,,,
Hobbyist,1,Female,30,,,,,,,,,,,
Hobbyist,1,Prefer not to tell,19,,,,,,,,,,,
Hobbyist,1,Female,24,,,,,,,,,,,
Hobbyist,1,Female,37,,,,,,,,,,,
Hobbyist,1,Female,27,,,,,,,,,,,
Hobbyist,1,Female,51,,,,,,,,,,,
Hobbyist,1,Male,23,,,,,,,,,,,
Hobbyist,1,Male,32,,,,,,,,,,,
Hobbyist,1,Female,23,,,,,,,,,,,
Hobbyist,1,Female,43,,,,,,,,,,,
Hobbyist,1,Female,32,,,,,,,,,,,
Hobbyist,1,Male,27,,,,,,,,,,,
Hobbyist,1,Male,33,,,,,,,,,,,
Hobbyist,1,Female,32,,,,,,,,,,,
Hobbyist,1,Female,43,,,,,,,,,,,
Hobbyist,1,Male,32,,,,,,,,,,,
Hobbyist,1,Male,25,,,,,,,,,,,
Hobbyist,1,Female,27,,,,,,,,,,,
Hobbyist,1,Female,29,,,,,,,,,,,
Hobbyist,1,Female,35,,,,,,,,,,,
Hobbyist,1,Male,23,,,,,,,,,,,
Hobbyist,1,Male,30,,,,,,,,,,,
Hobbyist,1,Male,27,,,,,,,,,,,
Hobbyist,1,Female,23,,,,,,,,,,,
Hobbyist,1,Male,25,,,,,,,,,,,
Hobbyist,1,Male,26,,,,,,,,,,,
Hobbyist,1,Female,36,,,,,,,,,,,
Hobbyist,1,Male,26,,,,,,,,,,,
Hobbyist,1,Male,28,,,,,,,,,,,
Hobbyist,1,Female,27,,,,,,,,,,,
Hobbyist,1,Female,26,,,,,,,,,,,
Hobbyist,1,Male,22,,,,,,,,,,,
Hobbyist,1,Male,23,,,,,,,,,,,
Hobbyist,1,Male,31,,,,,,,,,,,
Hobbyist,1,Female,24,,,,,,,,,,,
Hobbyist,1,Male,36,,,,,,,,,,,
Hobbyist,1,Female,30,,,,,,,,,,,
Hobbyist,1,Male,25,,,,,,,,,,,
Hobbyist,1,Female,45,,,,,,,,,,,
Hobbyist,1,Male,30,,,,,,,,,,,
Hobbyist,1,Male,22,,,,,,,,,,,
Hobbyist,1,Female,30,,,,,,,,,,,
Hobbyist,1,Male,22,,,,,,,,,,,
Hobbyist,1,Female,23,,,,,,,,,,,
Hobbyist,1,Male,28,,,,,,,,,,,
Hobbyist,1,Female,33,,,,,,,,,,,
Hobbyist,1,Male,24,,,,,,,,,,,
Hobbyist,1,Female,35,,,,,,,,,,,
Hobbyist,1,Female,27,,,,,,,,,,,
Hobbyist,1,Male,49,,,,,,,,,,,
Hobbyist,1,Male,35,,,,,,,,,,,
Hobbyist,1,Male,24,,,,,,,,,,,
Hobbyist,1,Male,28,,,,,,,,,,,
Hobbyist,1,Female,28,,,,,,,,,,,
Hobbyist,1,Male,22,,,,,,,,,,,
Hobbyist,1,Male,31,,,,,,,,,,,
Hobbyist,1,Female,36,,,,,,,,,,,
Hobbyist,1,Female,37,,,,,,,,,,,
Hobbyist,1,Male,29,,,,,,,,,,,
Hobbyist,1,Female,33,,,,,,,,,,,
Hobbyist,1,Female,24,,,,,,,,,,,
Hobbyist,1,Female,51,,,,,,,,,,,
Hobbyist,1,Female,21,,,,,,,,,,,
Hobbyist,1,Male,30,,,,,,,,,,,
Hobbyist,1,Female,27,,,,,,,,,,,
Hobbyist,1,Male,30,,,,,,,,,,,
Hobbyist,1,Male,25,,,,,,,,,,,
Hobbyist,1,Male,24,,,,,,,,,,,
Hobbyist,1,Female,31,,,,,,,,,,,
Hobbyist,1,Male,32,,,,,,,,,,,
Hobbyist,1,Female,29,,,,,,,,,,,
Hobbyist,1,Male,25,,,,,,,,,,,
Hobbyist,1,Male,27,,,,,,,,,,,
Hobbyist,1,Male,26,,,,,,,,,,,
Hobbyist,1,Male,24,,,,,,,,,,,
Hobbyist,1,Female,21,,,,,,,,,,,
Hobbyist,1,Male,44,,,,,,,,,,,
Hobbyist,1,Female,34,,,,,,,,,,,
Hobbyist,1,Male,19,,,,,,,,,,,
Hobbyist,1,Male,29,,,,,,,,,,,
Hobbyist,1,Female,30,,,,,,,,,,,
Hobbyist,1,Male,25,,,,,,,,,,,
Hobbyist,1,Female,32,,,,,,,,,,,
Hobbyist,1,Male,24,,,,,,,,,,,
Hobbyist,1,Female,29,,,,,,,,,,,
Hobbyist,1,Male,39,,,,,,,,,,,
Hobbyist,1,Female,20,,,,,,,,,,,
Hobbyist,1,Male,26,,,,,,,,,,,
Hobbyist,1,Female,30,,,,,,,,,,,
Hobbyist,1,Male,31,,,,,,,,,,,
Hobbyist,1,Male,25,,,,,,,,,,,
Hobbyist,1,Male,21,,,,,,,,,,,
Hobbyist,1,Female,35,,,,,,,,,,,
Hobbyist,1,Female,42,,,,,,,,,,,
Hobbyist,1,Male,28,,,,,,,,,,,
Hobbyist,1,Female,23,,,,,,,,,,,
Hobbyist,1,Male,25,,,,,,,,,,,
Hobbyist,1,Male,24,,,,,,,,,,,
Hobbyist,1,Female,33,,,,,,,,,,,
Hobbyist,1,Male,41,,,,,,,,,,,
Hobbyist,1,Male,32,,,,,,,,,,,
Hobbyist,1,Female,40,,,,,,,,,,,
Hobbyist,1,Female,29,,,,,,,,,,,
Hobbyist,1,Prefer not to tell,40,,,,,,,,,,,
Hobbyist,1,Male,23,,,,,,,,,,,
Hobbyist,1,Female,31,,,,,,,,,,,
Hobbyist,1,Female,37,,,,,,,,,,,
Hobbyist,1,Male,32,,,,,,,,,,,
Hobbyist,1,Male,33,,,,,,,,,,,
Hobbyist,1,Male,27,,,,,,,,,,,
Hobbyist,1,Female,55,,,,,,,,,,,
Hobbyist,1,Male,24,,,,,,,,,,,
Hobbyist,1,Male,31,,,,,,,,,,,
Hobbyist,1,Male,29,,,,,,,,,,,
Hobbyist,1,Male,31,,,,,,,,,,,
Hobbyist,1,Male,31,,,,,,,,,,,
Hobbyist,1,Male,24,,,,,,,,,,,
Hobbyist,1,Male,35,,,,,,,,,,,
Hobbyist,1,Female,26,,,,,,,,,,,
Hobbyist,1,Male,26,,,,,,,,,,,
Hobbyist,1,Female,35,,,,,,,,,,,
Hobbyist,1,Male,44,,,,,,,,,,,
Hobbyist,1,Female,25,,,,,,,,,,,
Grad. student,1,Female,26,,,,,,,,,,,
Grad. student,1,Female,26,,,,,,,,,,,
Grad. student,1,Female,26,,,,,,,,,,,
Grad. student,1,Male,32,,,,,,,,,,,
Grad. student,1,Female,22,,,,,,,,,,,
Grad. student,1,Male,22,,,,,,,,,,,
Grad. student,1,Female,24,,,,,,,,,,,
Grad. student,1,Male,24,,,,,,,,,,,
Grad. student,1,Male,25,,,,,,,,,,,
Grad. student,1,Female,21,,,,,,,,,,,
Grad. student,1,Female,28,,,,,,,,,,,
Grad. student,1,Male,38,,,,,,,,,,,
Grad. student,1,Female,30,,,,,,,,,,,
Grad. student,1,Male,26,,,,,,,,,,,
Grad. student,1,Male,23,,,,,,,,,,,
Grad. student,1,Male,29,,,,,,,,,,,
Grad. student,1,Male,29,,,,,,,,,,,
Grad. student,1,Male,23,,,,,,,,,,,
Grad. student,1,Male,25,,,,,,,,,,,
Grad. student,1,Female,37,,,,,,,,,,,
Grad. student,1,Female,34,,,,,,,,,,,
Grad. student,1,Male,28,,,,,,,,,,,
Grad. student,1,Female,35,,,,,,,,,,,
Grad. student,1,Male,33,,,,,,,,,,,
Grad. student,1,Female,25,,,,,,,,,,,
Grad. student,1,Male,24,,,,,,,,,,,
Grad. student,1,Female,28,,,,,,,,,,,
Grad. student,1,Male,24,,,,,,,,,,,
Grad. student,1,Male,32,,,,,,,,,,,
Grad. student,1,Male,28,,,,,,,,,,,
Grad. student,1,Male,21,,,,,,,,,,,
Grad. student,1,Male,57,,,,,,,,,,,
Grad. student,1,Male,24,,,,,,,,,,,
Grad. student,1,Male,30,,,,,,,,,,,
Grad. student,1,Female,24,,,,,,,,,,,
Grad. student,1,Female,30,,,,,,,,,,,
Grad. student,1,Male,29,,,,,,,,,,,
Grad. student,1,Male,22,,,,,,,,,,,
Grad. student,1,Male,29,,,,,,,,,,,
Grad. student,1,Male,27,,,,,,,,,,,
Grad. student,1,Female,21,,,,,,,,,,,
Grad. student,1,Male,29,,,,,,,,,,,
Grad. student,1,Male,23,,,,,,,,,,,
Grad. student,1,Female,25,,,,,,,,,,,
Grad. student,1,Female,28,,,,,,,,,,,
Grad. student,1,Male,24,,,,,,,,,,,
Grad. student,1,Female,31,,,,,,,,,,,
Grad. student,1,Female,24,,,,,,,,,,,
Grad. student,1,Female,29,,,,,,,,,,,
Grad. student,1,Male,28,,,,,,,,,,,
Grad. student,1,Male,35,,,,,,,,,,,
Grad. student,1,Female,25,,,,,,,,,,,
Grad. student,1,Female,26,,,,,,,,,,,
Grad. student,1,Male,30,,,,,,,,,,,
Grad. student,1,Male,25,,,,,,,,,,,
Grad. student,1,Female,26,,,,,,,,,,,
Grad. student,1,Female,32,,,,,,,,,,,
Grad. student,1,Male,22,,,,,,,,,,,
Grad. student,1,Male,27,,,,,,,,,,,
Grad. student,1,Male,28,,,,,,,,,,,
Grad. student,1,Male,25,,,,,,,,,,,
Grad. student,1,Female,29,,,,,,,,,,,
Grad. student,1,Male,23,,,,,,,,,,,
Grad. student,1,Male,25,,,,,,,,,,,
Grad. student,1,Male,33,,,,,,,,,,,
Grad. student,1,Male,22,,,,,,,,,,,
Grad. student,1,Female,25,,,,,,,,,,,
Grad. student,1,Male,22,,,,,,,,,,,
Grad. student,1,Female,37,,,,,,,,,,,
Grad. student,1,Male,27,,,,,,,,,,,
Grad. student,1,Male,29,,,,,,,,,,,
Grad. student,1,Male,25,,,,,,,,,,,
Grad. student,1,Male,26,,,,,,,,,,,
Grad. student,1,Male,43,,,,,,,,,,,
Grad. student,1,Female,20,,,,,,,,,,,
Grad. student,1,Male,25,,,,,,,,,,,
Grad. student,1,Female,27,,,,,,,,,,,
Grad. student,1,Male,25,,,,,,,,,,,
Grad. student,1,Male,22,,,,,,,,,,,
Grad. student,1,Male,27,,,,,,,,,,,
Grad. student,1,Male,29,,,,,,,,,,,
Grad. student,1,Male,24,,,,,,,,,,,
Grad. student,1,Male,26,,,,,,,,,,,
Grad. student,1,Male,38,,,,,,,,,,,
Grad. student,1,Female,23,,,,,,,,,,,
Undergrad. student,1,Male,19,,,,,,,,,,,
Undergrad. student,1,Male,22,,,,,,,,,,,
Undergrad. student,1,Male,24,,,,,,,,,,,
Other,1,Male,71,,,,,,,,,,,
Hobbyist,1,Female,26,,,,,,,,,,,
Hobbyist,1,Female,26,,,,,,,,,,,
Undergrad. student,0,Female,41,,,,,,,,,,,
Undergrad. student,0,Female,24,,,,,,,,,,,
Undergrad. student,0,Male,22,,,,,,,,,,,
Undergrad. student,0,Male,23,,,,,,,,,,,
Undergrad. student,0,Female,26,,,,,,,,,,,
Undergrad. student,0,Female,25,,,,,,,,,,,
Undergrad. student,0,Female,23,,,,,,,,,,,
Undergrad. student,0,Female,23,,,,,,,,,,,
Undergrad. student,0,Female,33,,,,,,,,,,,
Undergrad. student,0,Female,34,,,,,,,,,,,
Undergrad. student,0,Female,39,,,,,,,,,,,
Undergrad. student,0,Male,20,,,,,,,,,,,
Undergrad. student,0,Female,33,,,,,,,,,,,
Undergrad. student,0,Other,100,,,,,,,,,,,
Undergrad. student,0,Female,22,,,,,,,,,,,
Undergrad. student,0,Female,21,,,,,,,,,,,
Undergrad. student,0,Female,20,,,,,,,,,,,
Undergrad. student,0,Female,21,,,,,,,,,,,
Undergrad. student,0,Female,29,,,,,,,,,,,
Undergrad. student,0,Female,27,,,,,,,,,,,
Undergrad. student,0,Female,32,,,,,,,,,,,
Undergrad. student,0,Female,28,,,,,,,,,,,
Undergrad. student,0,Male,23,,,,,,,,,,,
Undergrad. student,0,Female,28,,,,,,,,,,,
Undergrad. student,0,Female,29,,,,,,,,,,,
Undergrad. student,0,Female,21,,,,,,,,,,,
Undergrad. student,0,Male,22,,,,,,,,,,,
Undergrad. student,0,Female,27,,,,,,,,,,,
Undergrad. student,0,Male,20,,,,,,,,,,,
Undergrad. student,0,Male,27,,,,,,,,,,,
Undergrad. student,0,Female,20,,,,,,,,,,,
Undergrad. student,0,Female,20,,,,,,,,,,,
Undergrad. student,0,Male,25,,,,,,,,,,,
Undergrad. student,0,Female,58,,,,,,,,,,,
Undergrad. student,0,Female,25,,,,,,,,,,,
Undergrad. student,0,Female,22,,,,,,,,,,,
Undergrad. student,0,Female,27,,,,,,,,,,,
Undergrad. student,0,Female,41,,,,,,,,,,,
Undergrad. student,0,Female,33,,,,,,,,,,,
Undergrad. student,0,Female,26,,,,,,,,,,,
Undergrad. student,0,Female,20,,,,,,,,,,,
Undergrad. student,0,Male,25,,,,,,,,,,,
Undergrad. student,0,Male,20,,,,,,,,,,,
Undergrad. student,0,Female,27,,,,,,,,,,,
Undergrad. student,0,Female,26,,,,,,,,,,,
Undergrad. student,0,Female,26,,,,,,,,,,,
Undergrad. student,0,Female,25,,,,,,,,,,,
Undergrad. student,0,Female,24,,,,,,,,,,,
Undergrad. student,0,Male,23,,,,,,,,,,,
Undergrad. student,0,Male,24,,,,,,,,,,,
Undergrad. student,0,Female,21,,,,,,,,,,,
Undergrad. student,0,Female,41,,,,,,,,,,,
Undergrad. student,0,Female,26,,,,,,,,,,,
Undergrad. student,0,Female,36,,,,,,,,,,,
Undergrad. student,0,Female,27,,,,,,,,,,,
Prof. developer,0,Male,30,,,,,,,,,,,
Prof. developer,0,Female,22,,,,,,,,,,,
Other,0,Female,33,,,,,,,,,,,
Other,0,Female,25,,,,,,,,,,,
Other,0,Female,63,,,,,,,,,,,
Other,0,Female,29,,,,,,,,,,,
Other,0,Male,31,,,,,,,,,,,
Other,0,Female,36,,,,,,,,,,,
Other,0,Female,43,,,,,,,,,,,
Other,0,Female,35,,,,,,,,,,,
Other,0,Male,35,,,,,,,,,,,
Other,0,Female,23,,,,,,,,,,,
Other,0,Female,43,,,,,,,,,,,
Other,0,Male,34,,,,,,,,,,,
Other,0,Female,52,,,,,,,,,,,
Other,0,Female,51,,,,,,,,,,,
Other,0,Female,39,,,,,,,,,,,
Other,0,Female,54,,,,,,,,,,,
Other,0,Female,51,,,,,,,,,,,
Other,0,Male,27,,,,,,,,,,,
Other,0,Male,27,,,,,,,,,,,
Other,0,Male,27,,,,,,,,,,,
Other,0,Male,27,,,,,,,,,,,
Other,0,Male,27,,,,,,,,,,,
Other,0,Male,41,,,,,,,,,,,
Other,0,Female,38,,,,,,,,,,,
Other,0,Female,41,,,,,,,,,,,
Other,0,Male,44,,,,,,,,,,,
Other,0,Male,43,,,,,,,,,,,
Other,0,Female,43,,,,,,,,,,,
Other,0,Female,28,,,,,,,,,,,
Other,0,Female,62,,,,,,,,,,,
Other,0,Female,62,,,,,,,,,,,
Other,0,Female,52,,,,,,,,,,,
Other,0,Female,29,,,,,,,,,,,
Other,0,Female,26,,,,,,,,,,,
Other,0,Male,22,,,,,,,,,,,
Other,0,Male,23,,,,,,,,,,,
Other,0,Female,35,,,,,,,,,,,
Other,0,Female,24,,,,,,,,,,,
Other,0,Male,40,,,,,,,,,,,
Other,0,Female,34,,,,,,,,,,,
Other,0,Male,31,,,,,,,,,,,
Other,0,Male,46,,,,,,,,,,,
Other,0,Female,27,,,,,,,,,,,
Other,0,Male,48,,,,,,,,,,,
Other,0,Female,49,,,,,,,,,,,
Other,0,Female,24,,,,,,,,,,,
Other,0,Male,37,,,,,,,,,,,
Other,0,Female,35,,,,,,,,,,,
Other,0,Female,33,,,,,,,,,,,
Other,0,Female,27,,,,,,,,,,,
Other,0,Female,31,,,,,,,,,,,
Other,0,Female,38,,,,,,,,,,,
Other,0,Female,27,,,,,,,,,,,
Other,0,Female,46,,,,,,,,,,,
Other,0,Male,27,,,,,,,,,,,
Other,0,Male,38,,,,,,,,,,,
Other,0,Female,29,,,,,,,,,,,
Other,0,Male,28,,,,,,,,,,,
Other,0,Male,61,,,,,,,,,,,
Other,0,Female,25,,,,,,,,,,,
Other,0,Female,19,,,,,,,,,,,
Other,0,Female,19,,,,,,,,,,,
Other,0,Male,35,,,,,,,,,,,
Other,0,Female,38,,,,,,,,,,,
Other,0,Male,64,,,,,,,,,,,
Hobbyist,0,Male,23,,,,,,,,,,,
Hobbyist,0,Female,28,,,,,,,,,,,
Hobbyist,0,Male,24,,,,,,,,,,,
Hobbyist,0,Male,24,,,,,,,,,,,
Hobbyist,0,Male,23,,,,,,,,,,,
Hobbyist,0,Female,27,,,,,,,,,,,
Hobbyist,0,Male,36,,,,,,,,,,,
Hobbyist,0,Male,36,,,,,,,,,,,
Hobbyist,0,Female,37,,,,,,,,,,,
Hobbyist,0,Male,28,,,,,,,,,,,
Hobbyist,0,Female,25,,,,,,,,,,,
Hobbyist,0,Female,28,,,,,,,,,,,
Hobbyist,0,Female,31,,,,,,,,,,,
Hobbyist,0,Male,37,,,,,,,,,,,
Hobbyist,0,Female,26,,,,,,,,,,,
Hobbyist,0,Female,55,,,,,,,,,,,
Hobbyist,0,Female,28,,,,,,,,,,,
Hobbyist,0,Female,25,,,,,,,,,,,
Hobbyist,0,Male,28,,,,,,,,,,,
Hobbyist,0,Female,50,,,,,,,,,,,
Hobbyist,0,Female,23,,,,,,,,,,,
Hobbyist,0,Female,44,,,,,,,,,,,
Hobbyist,0,Male,29,,,,,,,,,,,
Hobbyist,0,Female,31,,,,,,,,,,,
Hobbyist,0,Female,33,,,,,,,,,,,
Hobbyist,0,Male,34,,,,,,,,,,,
Hobbyist,0,Female,35,,,,,,,,,,,
Hobbyist,0,Female,21,,,,,,,,,,,
Hobbyist,0,Male,31,,,,,,,,,,,
Hobbyist,0,Female,29,,,,,,,,,,,
Hobbyist,0,Female,52,,,,,,,,,,,
Hobbyist,0,Female,59,,,,,,,,,,,
Hobbyist,0,Female,39,,,,,,,,,,,
Hobbyist,0,Male,20,,,,,,,,,,,
Hobbyist,0,Male,23,,,,,,,,,,,
Hobbyist,0,Female,61,,,,,,,,,,,
Hobbyist,0,Female,23,,,,,,,,,,,
Hobbyist,0,Male,27,,,,,,,,,,,
Hobbyist,0,Female,25,,,,,,,,,,,
Hobbyist,0,Female,24,,,,,,,,,,,
Hobbyist,0,Male,28,,,,,,,,,,,
Hobbyist,0,Female,39,,,,,,,,,,,
Hobbyist,0,Male,27,,,,,,,,,,,
Hobbyist,0,Female,32,,,,,,,,,,,
Hobbyist,0,Female,52,,,,,,,,,,,
Hobbyist,0,Female,49,,,,,,,,,,,
Hobbyist,0,Female,25,,,,,,,,,,,
Hobbyist,0,Female,40,,,,,,,,,,,
Hobbyist,0,Female,28,,,,,,,,,,,
Hobbyist,0,Male,21,,,,,,,,,,,
Hobbyist,0,Female,27,,,,,,,,,,,
Hobbyist,0,Female,55,,,,,,,,,,,
Hobbyist,0,Female,22,,,,,,,,,,,
Hobbyist,0,Male,22,,,,,,,,,,,
Hobbyist,0,Male,41,,,,,,,,,,,
Hobbyist,0,Female,52,,,,,,,,,,,
Hobbyist,0,Female,63,,,,,,,,,,,
Hobbyist,0,Female,37,,,,,,,,,,,
Hobbyist,0,Female,46,,,,,,,,,,,
Hobbyist,0,Male,60,,,,,,,,,,,
Hobbyist,0,Female,39,,,,,,,,,,,
Hobbyist,0,Female,29,,,,,,,,,,,
Grad. student,0,Female,24,,,,,,,,,,,
Grad. student,0,Female,40,,,,,,,,,,,
Grad. student,0,Female,31,,,,,,,,,,,
Grad. student,0,Female,22,,,,,,,,,,,
Grad. student,0,Female,25,,,,,,,,,,,
Grad. student,0,Male,28,,,,,,,,,,,
Grad. student,0,Female,48,,,,,,,,,,,
Grad. student,0,Female,26,,,,,,,,,,,
Grad. student,0,Female,24,,,,,,,,,,,
Grad. student,0,Male,38,,,,,,,,,,,
Grad. student,0,Female,24,,,,,,,,,,,
Grad. student,0,Female,24,,,,,,,,,,,
Grad. student,0,Female,29,,,,,,,,,,,
Grad. student,0,Male,34,,,,,,,,,,,
Grad. student,0,Male,22,,,,,,,,,,,
Grad. student,0,Female,31,,,,,,,,,,,
